device_key,DeviceType,DeviceInfo
mobile|SAMSUNG SM-G892A Build/NRD90M,mobile,SAMSUNG SM-G892A Build/NRD90M
mobile|iOS Device,mobile,iOS Device
desktop|Windows,desktop,Windows
desktop|UNKNOWN,desktop,
desktop|MacOS,desktop,MacOS
mobile|UNKNOWN,mobile,
mobile|SM-G930V Build/NRD90M,mobile,SM-G930V Build/NRD90M
mobile|BLADE A602 Build/MRA58K,mobile,BLADE A602 Build/MRA58K
mobile|XT1635-02 Build/NPN26.118-22-2,mobile,XT1635-02 Build/NPN26.118-22-2
mobile|Z970,mobile,Z970
mobile|SM-N920V Build/NRD90M,mobile,SM-N920V Build/NRD90M
mobile|Redmi Note 4 Build/MMB29M,mobile,Redmi Note 4 Build/MMB29M
mobile|Lenovo PB1-750M Build/S100,mobile,Lenovo PB1-750M Build/S100
mobile|LT22i Build/6.2.A.1.100,mobile,LT22i Build/6.2.A.1.100
desktop|rv:52.0,desktop,rv:52.0
mobile|SM-G950U Build/NRD90M,mobile,SM-G950U Build/NRD90M
mobile|LG-H872 Build/NRD90U,mobile,LG-H872 Build/NRD90U
mobile|LG-K500 Build/MMB29M,mobile,LG-K500 Build/MMB29M
mobile|SM-P550 Build/MMB29M,mobile,SM-P550 Build/MMB29M
mobile|SM-J700M Build/MMB29K,mobile,SM-J700M Build/MMB29K
desktop|Trident/7.0,desktop,Trident/7.0
desktop|rv:57.0,desktop,rv:57.0
mobile|SAMSUNG SM-G930T Build/NRD90M,mobile,SAMSUNG SM-G930T Build/NRD90M
mobile|Blade V6 Plus Build/MRA58K,mobile,Blade V6 Plus Build/MRA58K
mobile|BLL-L23 Build/HUAWEIBLL-L23,mobile,BLL-L23 Build/HUAWEIBLL-L23
mobile|KYOCERA-C6742A Build/LMY47V,mobile,KYOCERA-C6742A Build/LMY47V
mobile|F3113 Build/33.2.A.4.70,mobile,F3113 Build/33.2.A.4.70
mobile|D5306 Build/19.4.A.0.182,mobile,D5306 Build/19.4.A.0.182
mobile|M4 SS4457 Build/MRA58K,mobile,M4 SS4457 Build/MRA58K
mobile|SM-G955U Build/NRD90M,mobile,SM-G955U Build/NRD90M
mobile|SM-G610M Build/MMB29K,mobile,SM-G610M Build/MMB29K
mobile|SAMSUNG SM-G935F Build/NRD90M,mobile,SAMSUNG SM-G935F Build/NRD90M
mobile|XT1635-01,mobile,XT1635-01
desktop|rv:56.0,desktop,rv:56.0
mobile|VS500,mobile,VS500
mobile|CAM-L03 Build/HUAWEICAM-L03,mobile,CAM-L03 Build/HUAWEICAM-L03
mobile|RCT6303W87M7 Build/MRA58K,mobile,RCT6303W87M7 Build/MRA58K
mobile|M4 SS4451 Build/LMY47D,mobile,M4 SS4451 Build/LMY47D
mobile|KFFOWI Build/LVY48F,mobile,KFFOWI Build/LVY48F
mobile|Moto E (4) Build/NMA26.42-19,mobile,Moto E (4) Build/NMA26.42-19
mobile|SAMSUNG,mobile,SAMSUNG
mobile|E2306 Build/26.3.A.1.33,mobile,E2306 Build/26.3.A.1.33
mobile|Ilium L910 Build/MRA58K,mobile,Ilium L910 Build/MRA58K
mobile|GT-I9300,mobile,GT-I9300
mobile|LG-H420 Build/LRX21Y,mobile,LG-H420 Build/LRX21Y
desktop|Windows NT 6.2,desktop,Windows NT 6.2
mobile|XT1032 Build/LPBS23.13-56-2,mobile,XT1032 Build/LPBS23.13-56-2
mobile|GT-I9060M Build/KTU84P,mobile,GT-I9060M Build/KTU84P
desktop|rv:38.0,desktop,rv:38.0
mobile|Moto G (4) Build/NPJS25.93-14-10,mobile,Moto G (4) Build/NPJS25.93-14-10
mobile|SM-G530T,mobile,SM-G530T
mobile|LGMP260 Build/NRD90U,mobile,LGMP260 Build/NRD90U
mobile|SM-E500M Build/KTU84P,mobile,SM-E500M Build/KTU84P
mobile|SAMSUNG SM-G950U Build/NRD90M,mobile,SAMSUNG SM-G950U Build/NRD90M
desktop|rv:11.0,desktop,rv:11.0
mobile|SM-G920I Build/NRD90M,mobile,SM-G920I Build/NRD90M
mobile|SAMSUNG SM-J327T Build/NRD90M,mobile,SAMSUNG SM-J327T Build/NRD90M
mobile|SM-G900H Build/MMB29K,mobile,SM-G900H Build/MMB29K
mobile|TRT-L53 Build/HUAWEITRT-L53,mobile,TRT-L53 Build/HUAWEITRT-L53
mobile|Android 6.0.1,mobile,Android 6.0.1
mobile|Moto G Play Build/MPIS24.241-15.3-26,mobile,Moto G Play Build/MPIS24.241-15.3-26
mobile|Nexus 6P Build/OPR5.170623.011,mobile,Nexus 6P Build/OPR5.170623.011
mobile|SGP521,mobile,SGP521
mobile|VS988 Build/NRD90U,mobile,VS988 Build/NRD90U
mobile|SM-G531H Build/LMY48B,mobile,SM-G531H Build/LMY48B
mobile|Moto C Build/NRD90M.063,mobile,Moto C Build/NRD90M.063
mobile|LG-K410 Build/LRX22G,mobile,LG-K410 Build/LRX22G
mobile|SM-G935F Build/MMB29K,mobile,SM-G935F Build/MMB29K
mobile|Moto C Plus Build/NRD90M.05.022,mobile,Moto C Plus Build/NRD90M.05.022
mobile|LG-X180g Build/LMY47I,mobile,LG-X180g Build/LMY47I
mobile|SM-G925P Build/NRD90M,mobile,SM-G925P Build/NRD90M
mobile|es-us,mobile,es-us
mobile|SM-G920V Build/NRD90M,mobile,SM-G920V Build/NRD90M
mobile|SM-G935T Build/NRD90M,mobile,SM-G935T Build/NRD90M
mobile|Moto E (4) Plus Build/NMA26.42-69,mobile,Moto E (4) Plus Build/NMA26.42-69
mobile|SM-G925W8,mobile,SM-G925W8
desktop|rv:48.0,desktop,rv:48.0
mobile|SAMSUNG-SM-G930A Build/NRD90M,mobile,SAMSUNG-SM-G930A Build/NRD90M
mobile|HTC One M9 Build/NRD90M,mobile,HTC One M9 Build/NRD90M
mobile|7055A Build/KVT49L,mobile,7055A Build/KVT49L
mobile|Moto G Play Build/MPIS24.241-15.3-7,mobile,Moto G Play Build/MPIS24.241-15.3-7
mobile|SM-T810 Build/NRD90M,mobile,SM-T810 Build/NRD90M
desktop|rv:51.0,desktop,rv:51.0
mobile|SM-N910V Build/MMB29M,mobile,SM-N910V Build/MMB29M
mobile|SM-G930T Build/NRD90M,mobile,SM-G930T Build/NRD90M
mobile|LG-H870 Build/NRD90U,mobile,LG-H870 Build/NRD90U
mobile|SAMSUNG SM-G950U1 Build/NRD90M,mobile,SAMSUNG SM-G950U1 Build/NRD90M
mobile|SAMSUNG SM-S727VL Build/MMB29M,mobile,SAMSUNG SM-S727VL Build/MMB29M
mobile|SM-N920G Build/NRD90M,mobile,SM-N920G Build/NRD90M
mobile|Moto G (5) Plus Build/NPN25.137-72,mobile,Moto G (5) Plus Build/NPN25.137-72
mobile|Moto G (5) Build/NPP25.137-72,mobile,Moto G (5) Build/NPP25.137-72
mobile|SM-G935F Build/NRD90M,mobile,SM-G935F Build/NRD90M
mobile|LG-D373 Build/KOT49I.V10a,mobile,LG-D373 Build/KOT49I.V10a
mobile|ALE-L23 Build/HuaweiALE-L23,mobile,ALE-L23 Build/HuaweiALE-L23
mobile|Z836BL,mobile,Z836BL
mobile|Ilium X710 Build/MRA58K,mobile,Ilium X710 Build/MRA58K
mobile|LG-D680 Build/KOT49I,mobile,LG-D680 Build/KOT49I
mobile|M4 SS4450 Build/MRA58K,mobile,M4 SS4450 Build/MRA58K
mobile|LG-K580 Build/MRA58K,mobile,LG-K580 Build/MRA58K
mobile|SM-J700M Build/LMY48B,mobile,SM-J700M Build/LMY48B
mobile|SM-A710M,mobile,SM-A710M
mobile|Moto Z2 Play Build/NPSS26.118-19-6,mobile,Moto Z2 Play Build/NPSS26.118-19-6
mobile|Moto G (4) Build/NPJ25.93-14.5,mobile,Moto G (4) Build/NPJ25.93-14.5
mobile|Z981 Build/MMB29M,mobile,Z981 Build/MMB29M
mobile|SM-T710 Build/NRD90M,mobile,SM-T710 Build/NRD90M
mobile|SM-T700 Build/MMB29K,mobile,SM-T700 Build/MMB29K
mobile|ONE TOUCH 4033A Build/JDQ39,mobile,ONE TOUCH 4033A Build/JDQ39
mobile|F5121 Build/34.3.A.0.228,mobile,F5121 Build/34.3.A.0.228
mobile|WAS-LX3 Build/HUAWEIWAS-LX3,mobile,WAS-LX3 Build/HUAWEIWAS-LX3
mobile|R8106,mobile,R8106
mobile|MotoG3 Build/MPIS24.65-33.1-2-16,mobile,MotoG3 Build/MPIS24.65-33.1-2-16
mobile|SM-G925I Build/MMB29K,mobile,SM-G925I Build/MMB29K
mobile|HUAWEI VNS-L53 Build/HUAWEIVNS-L53,mobile,HUAWEI VNS-L53 Build/HUAWEIVNS-L53
mobile|Blade V6 Build/LRX22G,mobile,Blade V6 Build/LRX22G
mobile|SM-T113NU Build/KTU84P,mobile,SM-T113NU Build/KTU84P
mobile|SAMSUNG SM-G530H Build/LRX22G,mobile,SAMSUNG SM-G530H Build/LRX22G
mobile|SM-J510MN Build/MMB29M,mobile,SM-J510MN Build/MMB29M
mobile|SM-G950F Build/NRD90M,mobile,SM-G950F Build/NRD90M
mobile|SAMSUNG SM-J700M Build/MMB29K,mobile,SAMSUNG SM-J700M Build/MMB29K
mobile|SM-G570M Build/MMB29K,mobile,SM-G570M Build/MMB29K
mobile|SAMSUNG-SM-G891A Build/NRD90M,mobile,SAMSUNG-SM-G891A Build/NRD90M
mobile|SM-J500M Build/LMY48B,mobile,SM-J500M Build/LMY48B
mobile|SM-J727U Build/NRD90M,mobile,SM-J727U Build/NRD90M
mobile|LGLS676 Build/MXB48T,mobile,LGLS676 Build/MXB48T
mobile|TA-1003,mobile,TA-1003
mobile|SM-G900V Build/MMB29M,mobile,SM-G900V Build/MMB29M
mobile|VK810,mobile,VK810
mobile|KFASWI Build/LVY48F,mobile,KFASWI Build/LVY48F
mobile|SM-J320M Build/LMY47V,mobile,SM-J320M Build/LMY47V
mobile|SM-J120H Build/LMY47V,mobile,SM-J120H Build/LMY47V
mobile|SM-N950U Build/NMF26X,mobile,SM-N950U Build/NMF26X
mobile|LG-D693n Build/LRX22G,mobile,LG-D693n Build/LRX22G
mobile|HUAWEI RIO-L03 Build/HUAWEIRIO-L03,mobile,HUAWEI RIO-L03 Build/HUAWEIRIO-L03
mobile|SAMSUNG SM-G930A Build/NRD90M,mobile,SAMSUNG SM-G930A Build/NRD90M
mobile|5012G Build/MRA58K,mobile,5012G Build/MRA58K
mobile|SM-P350 Build/MMB29M,mobile,SM-P350 Build/MMB29M
mobile|SM-A300H Build/LRX22G,mobile,SM-A300H Build/LRX22G
mobile|Moto,mobile,Moto
mobile|SM-G925V Build/NRD90M,mobile,SM-G925V Build/NRD90M
mobile|SAMSUNG SM-N910A Build/MMB29M,mobile,SAMSUNG SM-N910A Build/MMB29M
mobile|SM-G532M Build/MMB29T,mobile,SM-G532M Build/MMB29T
mobile|5080A Build/MRA58K,mobile,5080A Build/MRA58K
mobile|XT1254 Build/MCG24.251-5-5,mobile,XT1254 Build/MCG24.251-5-5
mobile|KFGIWI Build/LVY48F,mobile,KFGIWI Build/LVY48F
mobile|LG-D331 Build/LRX22G,mobile,LG-D331 Build/LRX22G
mobile|MacOS,mobile,MacOS
mobile|rv:57.0,mobile,rv:57.0
mobile|SM-G950U1 Build/NRD90M,mobile,SM-G950U1 Build/NRD90M
mobile|Pixel,mobile,Pixel
mobile|SM-G900T Build/MMB29M,mobile,SM-G900T Build/MMB29M
mobile|E5606 Build/30.2.A.1.21,mobile,E5606 Build/30.2.A.1.21
mobile|Moto Z2 Play Build/NPS26.74-16-1,mobile,Moto Z2 Play Build/NPS26.74-16-1
mobile|Z410,mobile,Z410
mobile|LG-H500 Build/LRX21Y,mobile,LG-H500 Build/LRX21Y
mobile|HUAWEI TAG-L13 Build/HUAWEITAG-L13,mobile,HUAWEI TAG-L13 Build/HUAWEITAG-L13
mobile|P4526A Build/NRD90M,mobile,P4526A Build/NRD90M
mobile|SM-G900F Build/MMB29M,mobile,SM-G900F Build/MMB29M
mobile|Moto G (4) Build/NPJ25.93-14.7,mobile,Moto G (4) Build/NPJ25.93-14.7
mobile|SM-A510M Build/NRD90M,mobile,SM-A510M Build/NRD90M
mobile|XT1565,mobile,XT1565
mobile|Blade V6 Max Build/MRA58K,mobile,Blade V6 Max Build/MRA58K
mobile|F3213 Build/36.1.A.1.86,mobile,F3213 Build/36.1.A.1.86
mobile|REX,mobile,REX
mobile|Pixel Build/OPR3.170623.013,mobile,Pixel Build/OPR3.170623.013
mobile|XT1585 Build/NCK25.118-10.5,mobile,XT1585 Build/NCK25.118-10.5
mobile|MotoG3-TE,mobile,MotoG3-TE
mobile|Ilium LT510 Build/MRA58K,mobile,Ilium LT510 Build/MRA58K
mobile|SAMSUNG-SM-G870A Build/MMB29M,mobile,SAMSUNG-SM-G870A Build/MMB29M
mobile|SM-A500M Build/KTU84P,mobile,SM-A500M Build/KTU84P
mobile|HTC,mobile,HTC
mobile|SAMSUNG SM-G950F Build/NRD90M,mobile,SAMSUNG SM-G950F Build/NRD90M
mobile|LG-X240 Build/MRA58K,mobile,LG-X240 Build/MRA58K
mobile|KFAUWI Build/LVY48F,mobile,KFAUWI Build/LVY48F
mobile|LG-K428 Build/MMB29M,mobile,LG-K428 Build/MMB29M
mobile|SAMSUNG SM-T580 Build/NRD90M,mobile,SAMSUNG SM-T580 Build/NRD90M
mobile|Edison,mobile,Edison
mobile|Hisense F20 Build/MMB29M,mobile,Hisense F20 Build/MMB29M
mobile|SM-J327V Build/NRD90M,mobile,SM-J327V Build/NRD90M
mobile|LGLS775 Build/NRD90U,mobile,LGLS775 Build/NRD90U
mobile|SM-A710M Build/LMY47X,mobile,SM-A710M Build/LMY47X
mobile|LG-LS777 Build/NRD90U,mobile,LG-LS777 Build/NRD90U
mobile|LG-H320 Build/LRX21Y,mobile,LG-H320 Build/LRX21Y
mobile|QTASUN1 Build/NRD90M,mobile,QTASUN1 Build/NRD90M
mobile|SM-J730G Build/NRD90M,mobile,SM-J730G Build/NRD90M
desktop|rv:58.0,desktop,rv:58.0
mobile|HTC 10 Build/NRD90M,mobile,HTC 10 Build/NRD90M
mobile|XT1063,mobile,XT1063
mobile|VS995 Build/NRD90M,mobile,VS995 Build/NRD90M
mobile|SM-G550T Build/MMB29K,mobile,SM-G550T Build/MMB29K
mobile|SAMSUNG SM-G930P Build/NRD90M,mobile,SAMSUNG SM-G930P Build/NRD90M
mobile|LG-K530 Build/MMB29M,mobile,LG-K530 Build/MMB29M
mobile|SAMSUNG SM-J701M Build/NRD90M,mobile,SAMSUNG SM-J701M Build/NRD90M
mobile|SAMSUNG SM-T587P Build/NRD90M,mobile,SAMSUNG SM-T587P Build/NRD90M
mobile|SM-T530NU Build/LRX22G,mobile,SM-T530NU Build/LRX22G
mobile|SM-S920L,mobile,SM-S920L
mobile|SM-G530H Build/LRX22G,mobile,SM-G530H Build/LRX22G
mobile|LG-V410,mobile,LG-V410
mobile|SAMSUNG SM-G891A Build/NRD90M,mobile,SAMSUNG SM-G891A Build/NRD90M
mobile|GT-P5113,mobile,GT-P5113
mobile|LG-H840 Build/NRD90U,mobile,LG-H840 Build/NRD90U
mobile|BAC-L03 Build/HUAWEIBAC-L03,mobile,BAC-L03 Build/HUAWEIBAC-L03
mobile|SAMSUNG SM-T810 Build/NRD90M,mobile,SAMSUNG SM-T810 Build/NRD90M
mobile|VS835,mobile,VS835
mobile|LG-TP450 Build/NRD90U,mobile,LG-TP450 Build/NRD90U
mobile|SM-J727V Build/NRD90M,mobile,SM-J727V Build/NRD90M
mobile|SM-G955F Build/NRD90M,mobile,SM-G955F Build/NRD90M
mobile|KFDOWI Build/LVY48F,mobile,KFDOWI Build/LVY48F
mobile|SM-J200M Build/LMY47X,mobile,SM-J200M Build/LMY47X
mobile|SM-J320H,mobile,SM-J320H
mobile|BLADE V8 SE Build/NRD90M,mobile,BLADE V8 SE Build/NRD90M
mobile|SM-N920T Build/NRD90M,mobile,SM-N920T Build/NRD90M
mobile|LG-H542 Build/MRA58K,mobile,LG-H542 Build/MRA58K
mobile|SM-T330NU Build/LMY47X,mobile,SM-T330NU Build/LMY47X
mobile|SAMSUNG SM-J500M Build/LMY48B,mobile,SAMSUNG SM-J500M Build/LMY48B
mobile|LG-M322,mobile,LG-M322
mobile|CHC-U03 Build/HuaweiCHC-U03,mobile,CHC-U03 Build/HuaweiCHC-U03
mobile|HTC Desire 650 Build/MMB29M,mobile,HTC Desire 650 Build/MMB29M
mobile|SAMSUNG-SM-G935A Build/NRD90M,mobile,SAMSUNG-SM-G935A Build/NRD90M
mobile|SM-G925I Build/NRD90M,mobile,SM-G925I Build/NRD90M
mobile|LG-K200 Build/MXB48T,mobile,LG-K200 Build/MXB48T
mobile|Aquaris,mobile,Aquaris
mobile|SM-J710MN Build/MMB29K,mobile,SM-J710MN Build/MMB29K
mobile|Alcatel_4060A,mobile,Alcatel_4060A
mobile|LGMS631 Build/MRA58K,mobile,LGMS631 Build/MRA58K
mobile|MOT-A6020l37 Build/LMY47V,mobile,MOT-A6020l37 Build/LMY47V
mobile|5011A Build/NRD90M,mobile,5011A Build/NRD90M
mobile|SM-T550 Build/NMF26X,mobile,SM-T550 Build/NMF26X
mobile|Moto G (5) Plus Build/NPNS25.137-15-11,mobile,Moto G (5) Plus Build/NPNS25.137-15-11
mobile|E6603 Build/32.4.A.1.54,mobile,E6603 Build/32.4.A.1.54
mobile|Redmi 4A Build/MMB29M,mobile,Redmi 4A Build/MMB29M
desktop|rv:55.0,desktop,rv:55.0
mobile|SM-T520,mobile,SM-T520
mobile|HTC Desire 10 lifestyle Build/MMB29M,mobile,HTC Desire 10 lifestyle Build/MMB29M
mobile|SM-A720F Build/MMB29K,mobile,SM-A720F Build/MMB29K
mobile|Moto G (5S,mobile,Moto G (5S
mobile|SM-G925I Build/LMY47X,mobile,SM-G925I Build/LMY47X
mobile|SM-G930R4 Build/NRD90M,mobile,SM-G930R4 Build/NRD90M
mobile|SAMSUNG SM-G610M Build/MMB29K,mobile,SAMSUNG SM-G610M Build/MMB29K
mobile|Lenovo K33b36 Build/NRD90N,mobile,Lenovo K33b36 Build/NRD90N
mobile|SM-G930U Build/NRD90M,mobile,SM-G930U Build/NRD90M
mobile|Moto Z2 Play Build/NPS26.118-19,mobile,Moto Z2 Play Build/NPS26.118-19
mobile|SAMSUNG SM-N950U Build/NMF26X,mobile,SAMSUNG SM-N950U Build/NMF26X
mobile|SM-A320FL Build/MMB29K,mobile,SM-A320FL Build/MMB29K
mobile|LG-M250 Build/NRD90U,mobile,LG-M250 Build/NRD90U
mobile|KFSAWI,mobile,KFSAWI
mobile|SAMSUNG SM-G930F Build/NRD90M,mobile,SAMSUNG SM-G930F Build/NRD90M
mobile|Lenovo K33b36 Build/MMB29M,mobile,Lenovo K33b36 Build/MMB29M
mobile|SAMSUNG SM-N920V Build/NRD90M,mobile,SAMSUNG SM-N920V Build/NRD90M
desktop|Windows NT 6.1,desktop,Windows NT 6.1
desktop|rv:45.0,desktop,rv:45.0
mobile|SAMSUNG-SM-J327A Build/NRD90M,mobile,SAMSUNG-SM-J327A Build/NRD90M
mobile|SM-G935V Build/NRD90M,mobile,SM-G935V Build/NRD90M
desktop|MDDRJS,desktop,MDDRJS
mobile|SM-G935P Build/NRD90M,mobile,SM-G935P Build/NRD90M
mobile|SM-G930P Build/NRD90M,mobile,SM-G930P Build/NRD90M
mobile|SM-G928V Build/NRD90M,mobile,SM-G928V Build/NRD90M
mobile|LG-M210 Build/NRD90U,mobile,LG-M210 Build/NRD90U
mobile|Blade V580 Build/LMY47D,mobile,Blade V580 Build/LMY47D
mobile|Ilium LT500 Build/LMY47O,mobile,Ilium LT500 Build/LMY47O
mobile|Y635-L03 Build/HuaweiY635-L03,mobile,Y635-L03 Build/HuaweiY635-L03
mobile|XT1635-01 Build/NDNS26.118-23-12-3,mobile,XT1635-01 Build/NDNS26.118-23-12-3
desktop|rv:42.0,desktop,rv:42.0
mobile|SAMSUNG SM-G925T Build/NRD90M,mobile,SAMSUNG SM-G925T Build/NRD90M
mobile|SAMSUNG-SM-G900A Build/LRX21T,mobile,SAMSUNG-SM-G900A Build/LRX21T
mobile|Moto Z (2,mobile,Moto Z (2
mobile|SM-G360T1 Build/LMY47X,mobile,SM-G360T1 Build/LMY47X
mobile|SM-S903VL,mobile,SM-S903VL
mobile|SAMSUNG SM-G920A Build/NRD90M,mobile,SAMSUNG SM-G920A Build/NRD90M
mobile|HUAWEI VNS-L23 Build/HUAWEIVNS-L23,mobile,HUAWEI VNS-L23 Build/HUAWEIVNS-L23
mobile|LG-H811 Build/MRA58K,mobile,LG-H811 Build/MRA58K
mobile|M4 SS4456 Build/LMY47V,mobile,M4 SS4456 Build/LMY47V
mobile|SAMSUNG-SM-T337A Build/LMY47X,mobile,SAMSUNG-SM-T337A Build/LMY47X
mobile|SAMSUNG SM-G955U Build/NRD90M,mobile,SAMSUNG SM-G955U Build/NRD90M
mobile|SM-G900P Build/MMB29M,mobile,SM-G900P Build/MMB29M
mobile|SM-G800F Build/KOT49H,mobile,SM-G800F Build/KOT49H
mobile|BNTV400,mobile,BNTV400
mobile|HUAWEI VNS-L21 Build/HUAWEIVNS-L21,mobile,HUAWEI VNS-L21 Build/HUAWEIVNS-L21
mobile|ONEPLUS A5000 Build/NMF26X,mobile,ONEPLUS A5000 Build/NMF26X
mobile|HTC Desire 626s Build/LMY47O,mobile,HTC Desire 626s Build/LMY47O
mobile|Android 4.4.2,mobile,Android 4.4.2
mobile|XT1710-02 Build/NDSS26.118-23-15,mobile,XT1710-02 Build/NDSS26.118-23-15
desktop|rv:49.0,desktop,rv:49.0
mobile|EVA-L09 Build/HUAWEIEVA-L09,mobile,EVA-L09 Build/HUAWEIEVA-L09
mobile|Lenovo,mobile,Lenovo
mobile|LG-K540 Build/MMB29M,mobile,LG-K540 Build/MMB29M
mobile|FRD-L04 Build/HUAWEIFRD-L04,mobile,FRD-L04 Build/HUAWEIFRD-L04
desktop|Linux x86_64,desktop,Linux x86_64
mobile|SAMSUNG SM-G935T Build/NRD90M,mobile,SAMSUNG SM-G935T Build/NRD90M
mobile|SM-G900M Build/LRX21T,mobile,SM-G900M Build/LRX21T
mobile|LG-H820 Build/NRD90U,mobile,LG-H820 Build/NRD90U
mobile|Z983 Build/NMF26F,mobile,Z983 Build/NMF26F
mobile|LGLS991,mobile,LGLS991
mobile|SM-S120VL,mobile,SM-S120VL
mobile|Le,mobile,Le
mobile|Ilium L1120 Build/NRD90M,mobile,Ilium L1120 Build/NRD90M
mobile|XT1650 Build/NCLS26.118-23-13-3,mobile,XT1650 Build/NCLS26.118-23-13-3
mobile|SM-T377P Build/NMF26X,mobile,SM-T377P Build/NMF26X
mobile|QTAQZ3 Build/LMY47V,mobile,QTAQZ3 Build/LMY47V
mobile|SM-A310M,mobile,SM-A310M
mobile|F5321,mobile,F5321
mobile|KFTBWI Build/LVY48F,mobile,KFTBWI Build/LVY48F
mobile|M4 SS4453 Build/MMB29M,mobile,M4 SS4453 Build/MMB29M
mobile|XT1064 Build/MPB24.65-34-3,mobile,XT1064 Build/MPB24.65-34-3
mobile|VS987 Build/NRD90U,mobile,VS987 Build/NRD90U
mobile|SM-G386T,mobile,SM-G386T
mobile|SAMSUNG-SM-N920A Build/NRD90M,mobile,SAMSUNG-SM-N920A Build/NRD90M
mobile|SAMSUNG SM-J727T1 Build/NRD90M,mobile,SAMSUNG SM-J727T1 Build/NRD90M
mobile|SAMSUNG SM-G532M Build/MMB29T,mobile,SAMSUNG SM-G532M Build/MMB29T
mobile|SM-G925T Build/NRD90M,mobile,SM-G925T Build/NRD90M
desktop|NetHelper70,desktop,NetHelper70
mobile|SAMSUNG SM-G890A Build/NRD90M,mobile,SAMSUNG SM-G890A Build/NRD90M
mobile|D5803 Build/23.5.A.1.291,mobile,D5803 Build/23.5.A.1.291
mobile|GT-I8190L Build/JZO54K,mobile,GT-I8190L Build/JZO54K
mobile|SM-A510M Build/LMY47X,mobile,SM-A510M Build/LMY47X
mobile|Nexus,mobile,Nexus
mobile|SM-T580 Build/NRD90M,mobile,SM-T580 Build/NRD90M
mobile|SM-G900V,mobile,SM-G900V
mobile|ZEIA8,mobile,ZEIA8
mobile|SM-N920P Build/NRD90M,mobile,SM-N920P Build/NRD90M
mobile|SM-T550,mobile,SM-T550
mobile|SAMSUNG SM-J320F Build/LMY47V,mobile,SAMSUNG SM-J320F Build/LMY47V
mobile|VS501 Build/NRD90U,mobile,VS501 Build/NRD90U
desktop|Linux i686,desktop,Linux i686
mobile|SM-G900P Build/LRX21T,mobile,SM-G900P Build/LRX21T
mobile|SM-N910H,mobile,SM-N910H
mobile|SM-G920F Build/NRD90M,mobile,SM-G920F Build/NRD90M
mobile|SM-T560 Build/KTU84P,mobile,SM-T560 Build/KTU84P
mobile|MotoE2(4G-LTE,mobile,MotoE2(4G-LTE
mobile|LG-H542 Build/LRX22G,mobile,LG-H542 Build/LRX22G
desktop|Touch,desktop,Touch
mobile|Moto G (5) Build/NPP25.137-82,mobile,Moto G (5) Build/NPP25.137-82
mobile|LG-X230 Build/MRA58K,mobile,LG-X230 Build/MRA58K
mobile|LG-K371,mobile,LG-K371
mobile|F3113 Build/33.3.A.1.97,mobile,F3113 Build/33.3.A.1.97
mobile|SM-T560NU Build/MMB29M,mobile,SM-T560NU Build/MMB29M
mobile|SAMSUNG SM-A520F Build/NRD90M,mobile,SAMSUNG SM-A520F Build/NRD90M
mobile|SM-P600 Build/LMY47X,mobile,SM-P600 Build/LMY47X
mobile|HTC U11 Build/NMF26X,mobile,HTC U11 Build/NMF26X
mobile|KFAPWI Build/KTU84M,mobile,KFAPWI Build/KTU84M
mobile|G3313,mobile,G3313
mobile|AX920,mobile,AX920
mobile|SM-J327VPP Build/NRD90M,mobile,SM-J327VPP Build/NRD90M
mobile|LG-M320 Build/NRD90U,mobile,LG-M320 Build/NRD90U
mobile|SM-G610F,mobile,SM-G610F
desktop|rv:54.0,desktop,rv:54.0
mobile|QMV7A,mobile,QMV7A
mobile|SM-T817V Build/NRD90M,mobile,SM-T817V Build/NRD90M
mobile|HTC Desire 530 Build/MMB29M,mobile,HTC Desire 530 Build/MMB29M
mobile|LG-LS998,mobile,LG-LS998
desktop|rv:41.0,desktop,rv:41.0
mobile|GT-P5210 Build/JDQ39,mobile,GT-P5210 Build/JDQ39
mobile|SM-J730F,mobile,SM-J730F
mobile|KFJWI,mobile,KFJWI
mobile|Moto G (5) Plus Build/NPN25.137-83,mobile,Moto G (5) Plus Build/NPN25.137-83
mobile|HTC Desire 510 Build/KOT49H,mobile,HTC Desire 510 Build/KOT49H
mobile|Android,mobile,Android
mobile|LG-H810,mobile,LG-H810
mobile|SM-G920P Build/NRD90M,mobile,SM-G920P Build/NRD90M
mobile|D6603 Build/23.5.A.1.291,mobile,D6603 Build/23.5.A.1.291
mobile|XT1650,mobile,XT1650
mobile|SM-G930F Build/NRD90M,mobile,SM-G930F Build/NRD90M
mobile|LGMS550 Build/NRD90U,mobile,LGMS550 Build/NRD90U
mobile|moto,mobile,moto
mobile|SM-A520F Build/NRD90M,mobile,SM-A520F Build/NRD90M
mobile|SM-G920T Build/NRD90M,mobile,SM-G920T Build/NRD90M
mobile|Fractal,mobile,Fractal
mobile|Moto E (4) Build/NMA26.42-69,mobile,Moto E (4) Build/NMA26.42-69
mobile|HUAWEI,mobile,HUAWEI
mobile|SM-T350 Build/NMF26X,mobile,SM-T350 Build/NMF26X
mobile|SAMSUNG SM-J730GM Build/NRD90M,mobile,SAMSUNG SM-J730GM Build/NRD90M
mobile|TA-1039 Build/N2G47H,mobile,TA-1039 Build/N2G47H
mobile|XT1003,mobile,XT1003
mobile|MotoG3 Build/MPIS24.65-25.1-19,mobile,MotoG3 Build/MPIS24.65-25.1-19
mobile|BV6000,mobile,BV6000
mobile|SM-T230 Build/KOT49H,mobile,SM-T230 Build/KOT49H
mobile|SAMSUNG SM-G920P Build/NRD90M,mobile,SAMSUNG SM-G920P Build/NRD90M
mobile|HTC One A9 Build/NRD90M,mobile,HTC One A9 Build/NRD90M
mobile|NX785QC8G,mobile,NX785QC8G
desktop|rv:47.0,desktop,rv:47.0
mobile|E5506 Build/29.1.A.0.101,mobile,E5506 Build/29.1.A.0.101
mobile|LGL33L/V100,mobile,LGL33L/V100
mobile|SM-G920V Build/MMB29K,mobile,SM-G920V Build/MMB29K
mobile|SM-J510FN,mobile,SM-J510FN
mobile|LGMS330 Build/LMY47V,mobile,LGMS330 Build/LMY47V
mobile|Microsoft,mobile,Microsoft
mobile|SM-T560NU Build/NMF26X,mobile,SM-T560NU Build/NMF26X
mobile|SAMSUNG SM-G955F Build/NRD90M,mobile,SAMSUNG SM-G955F Build/NRD90M
mobile|XT1053 Build/LPAS23.12-21.7-1,mobile,XT1053 Build/LPAS23.12-21.7-1
mobile|5025G Build/LMY47I,mobile,5025G Build/LMY47I
mobile|LG-H918 Build/NRD90M,mobile,LG-H918 Build/NRD90M
mobile|SM-G900W8,mobile,SM-G900W8
mobile|SM-J320V Build/NMF26X,mobile,SM-J320V Build/NMF26X
mobile|SM-J105B Build/LMY47V,mobile,SM-J105B Build/LMY47V
mobile|SAMSUNG SM-G550T1 Build/MMB29K,mobile,SAMSUNG SM-G550T1 Build/MMB29K
mobile|5010S Build/MRA58K,mobile,5010S Build/MRA58K
mobile|LG-H910 Build/NRD90M,mobile,LG-H910 Build/NRD90M
mobile|MotoE2 Build/LPCS23.13-56-5,mobile,MotoE2 Build/LPCS23.13-56-5
mobile|LGMS210 Build/NRD90U,mobile,LGMS210 Build/NRD90U
mobile|LG-M700 Build/NMF26X,mobile,LG-M700 Build/NMF26X
mobile|SM-G930V Build/MMB29M,mobile,SM-G930V Build/MMB29M
mobile|SM-A510M Build/MMB29K,mobile,SM-A510M Build/MMB29K
mobile|5054N,mobile,5054N
mobile|SAMSUNG SM-G900A Build/MMB29M,mobile,SAMSUNG SM-G900A Build/MMB29M
mobile|SM-G935V,mobile,SM-G935V
mobile|SAMSUNG-SM-T677A,mobile,SAMSUNG-SM-T677A
mobile|SM-J500FN,mobile,SM-J500FN
mobile|LGMP450 Build/NRD90U,mobile,LGMP450 Build/NRD90U
mobile|Pixel 2 Build/OPM1.171019.011,mobile,Pixel 2 Build/OPM1.171019.011
mobile|SM-J701M Build/NRD90M,mobile,SM-J701M Build/NRD90M
mobile|Z798BL Build/MMB29M,mobile,Z798BL Build/MMB29M
mobile|HUAWEI CUN-L03 Build/HUAWEICUN-L03,mobile,HUAWEI CUN-L03 Build/HUAWEICUN-L03
mobile|Lenovo-A6020l36 Build/LMY47V,mobile,Lenovo-A6020l36 Build/LMY47V
mobile|VS820,mobile,VS820
mobile|KFTHWI Build/KTU84M,mobile,KFTHWI Build/KTU84M
mobile|LG-K530 Build/NRD90U,mobile,LG-K530 Build/NRD90U
mobile|SM-T827V Build/NRD90M,mobile,SM-T827V Build/NRD90M
mobile|SAMSUNG SM-G935F Build/MMB29K,mobile,SAMSUNG SM-G935F Build/MMB29K
mobile|LG-H650 Build/MRA58K,mobile,LG-H650 Build/MRA58K
mobile|SAMSUNG-SGH-I337 Build/KOT49H,mobile,SAMSUNG-SGH-I337 Build/KOT49H
mobile|LG-K220 Build/MXB48T,mobile,LG-K220 Build/MXB48T
mobile|LG-H810/H81021z,mobile,LG-H810/H81021z
mobile|ALE-L21 Build/HuaweiALE-L21,mobile,ALE-L21 Build/HuaweiALE-L21
mobile|Redmi 4X Build/N2G47H,mobile,Redmi 4X Build/N2G47H
mobile|SAMSUNG SM-G935A Build/NRD90M,mobile,SAMSUNG SM-G935A Build/NRD90M
mobile|rv:58.0,mobile,rv:58.0
mobile|SM-T713 Build/NRD90M,mobile,SM-T713 Build/NRD90M
mobile|5051A Build/MMB29M,mobile,5051A Build/MMB29M
mobile|LG-P714,mobile,LG-P714
mobile|SAMSUNG SM-G531H Build/LMY48B,mobile,SAMSUNG SM-G531H Build/LMY48B
mobile|SM-G928G Build/NRD90M,mobile,SM-G928G Build/NRD90M
mobile|X10,mobile,X10
mobile|GT-P5210 Build/KOT49H,mobile,GT-P5210 Build/KOT49H
mobile|GT-I9500,mobile,GT-I9500
mobile|HUAWEI Y625-U13 Build/HUAWEIY625-U13,mobile,HUAWEI Y625-U13 Build/HUAWEIY625-U13
mobile|Hisense L675 Build/MRA58K,mobile,Hisense L675 Build/MRA58K
mobile|P5526A Build/NRD90M,mobile,P5526A Build/NRD90M
mobile|SM-T818V,mobile,SM-T818V
mobile|es-mx,mobile,es-mx
mobile|TA-1039 Build/NMF26F,mobile,TA-1039 Build/NMF26F
mobile|SM-A310M Build/LMY47X,mobile,SM-A310M Build/LMY47X
mobile|LG-D851,mobile,LG-D851
mobile|SM-J320V Build/MMB29M,mobile,SM-J320V Build/MMB29M
mobile|LG-H990 Build/NRD90M,mobile,LG-H990 Build/NRD90M
mobile|LG-V495/V49520l,mobile,LG-V495/V49520l
mobile|SM-T350 Build/MMB29M,mobile,SM-T350 Build/MMB29M
mobile|PRA-LX3 Build/HUAWEIPRA-LX3,mobile,PRA-LX3 Build/HUAWEIPRA-LX3
mobile|XT1080 Build/SU6-7.7,mobile,XT1080 Build/SU6-7.7
mobile|HUAWEI Y520-U03 Build/HUAWEIY520-U03,mobile,HUAWEI Y520-U03 Build/HUAWEIY520-U03
mobile|Lenovo A2016b30 Build/MRA58K,mobile,Lenovo A2016b30 Build/MRA58K
mobile|MYA-L23,mobile,MYA-L23
mobile|K88 Build/MMB29M,mobile,K88 Build/MMB29M
mobile|MotoG3 Build/MPIS24.107-55-2-17,mobile,MotoG3 Build/MPIS24.107-55-2-17
mobile|Trident/7.0,mobile,Trident/7.0
mobile|LGLS770,mobile,LGLS770
mobile|LG-M153 Build/MXB48T,mobile,LG-M153 Build/MXB48T
mobile|QTAIR7 Build/LMY47D,mobile,QTAIR7 Build/LMY47D
mobile|2PQ93,mobile,2PQ93
mobile|SM-J111M Build/LMY47V,mobile,SM-J111M Build/LMY47V
mobile|SM-S320VL,mobile,SM-S320VL
mobile|LG-H901,mobile,LG-H901
mobile|ILIUM,mobile,ILIUM
mobile|SM-T377V Build/NMF26X,mobile,SM-T377V Build/NMF26X
mobile|ONE A2005 Build/MMB29M,mobile,ONE A2005 Build/MMB29M
mobile|SM-N910T Build/MMB29M,mobile,SM-N910T Build/MMB29M
mobile|Android 5.1,mobile,Android 5.1
mobile|XT1058 Build/LPAS23.12-21.7-1,mobile,XT1058 Build/LPAS23.12-21.7-1
mobile|Pixel Build/OPM1.171019.011,mobile,Pixel Build/OPM1.171019.011
mobile|Pixel XL Build/OPM1.171019.011,mobile,Pixel XL Build/OPM1.171019.011
mobile|LG-TP260 Build/NRD90U,mobile,LG-TP260 Build/NRD90U
mobile|SM-N900V Build/LRX21V,mobile,SM-N900V Build/LRX21V
mobile|Moto X Play Build/NPD26.48-24-1,mobile,Moto X Play Build/NPD26.48-24-1
mobile|SKY_5.0LM,mobile,SKY_5.0LM
mobile|SM-A320Y Build/NRD90M,mobile,SM-A320Y Build/NRD90M
mobile|SM-T230NU Build/KOT49H,mobile,SM-T230NU Build/KOT49H
mobile|KFTT Build/IML74K,mobile,KFTT Build/IML74K
mobile|2PS64 Build/NRD90M,mobile,2PS64 Build/NRD90M
mobile|SAMSUNG-SM-G930A,mobile,SAMSUNG-SM-G930A
mobile|STV100-2 Build/MMB29M,mobile,STV100-2 Build/MMB29M
mobile|G3123 Build/40.0.A.6.135,mobile,G3123 Build/40.0.A.6.135
mobile|SAMSUNG SM-A300H Build/LRX22G,mobile,SAMSUNG SM-A300H Build/LRX22G
mobile|Z971,mobile,Z971
mobile|SM-G935W8,mobile,SM-G935W8
mobile|SM-P580 Build/NRD90M,mobile,SM-P580 Build/NRD90M
mobile|SAMSUNG-SM-J320A Build/MMB29K,mobile,SAMSUNG-SM-J320A Build/MMB29K
mobile|SAMSUNG-SM-J727A Build/NRD90M,mobile,SAMSUNG-SM-J727A Build/NRD90M
mobile|VerykoolS5030,mobile,VerykoolS5030
mobile|SM-J320P Build/LMY47X,mobile,SM-J320P Build/LMY47X
mobile|LGLS751,mobile,LGLS751
mobile|F8331 Build/41.2.A.7.76,mobile,F8331 Build/41.2.A.7.76
mobile|SM-A520F Build/MMB29K,mobile,SM-A520F Build/MMB29K
mobile|Blade L5 Build/LMY47I,mobile,Blade L5 Build/LMY47I
mobile|TOMMY2,mobile,TOMMY2
desktop|rv:50.0,desktop,rv:50.0
mobile|SLA-L03 Build/HUAWEISLA-L03,mobile,SLA-L03 Build/HUAWEISLA-L03
mobile|Moto E (4) Build/NMA26.42-11-3,mobile,Moto E (4) Build/NMA26.42-11-3
mobile|SM-T280 Build/LMY47V,mobile,SM-T280 Build/LMY47V
mobile|F8331,mobile,F8331
mobile|Z837VL,mobile,Z837VL
mobile|SM-A510F Build/NRD90M,mobile,SM-A510F Build/NRD90M
mobile|XT1580,mobile,XT1580
mobile|SM-T820 Build/NRD90M,mobile,SM-T820 Build/NRD90M
mobile|SM-G550T1 Build/MMB29K,mobile,SM-G550T1 Build/MMB29K
mobile|LG-H871,mobile,LG-H871
mobile|LG-LS993 Build/NRD90U,mobile,LG-LS993 Build/NRD90U
mobile|SM-T377W,mobile,SM-T377W
mobile|SAMSUNG SM-J700M Build/LMY48B,mobile,SAMSUNG SM-J700M Build/LMY48B
mobile|SM-G900F Build/LRX21T,mobile,SM-G900F Build/LRX21T
mobile|SAMSUNG-SM-G900A Build/MMB29M,mobile,SAMSUNG-SM-G900A Build/MMB29M
mobile|XT1032 Build/KXB21.14-L1.40,mobile,XT1032 Build/KXB21.14-L1.40
mobile|XT1563 Build/MPDS24.107-52-5,mobile,XT1563 Build/MPDS24.107-52-5
mobile|Blade,mobile,Blade
mobile|verykoolS5019,mobile,verykoolS5019
mobile|SM-G360V Build/LMY48B,mobile,SM-G360V Build/LMY48B
mobile|LG-X210 Build/LMY47I,mobile,LG-X210 Build/LMY47I
mobile|hi6210sft Build/MRA58K,mobile,hi6210sft Build/MRA58K
mobile|SAMSUNG SM-T530NU Build/LRX22G,mobile,SAMSUNG SM-T530NU Build/LRX22G
mobile|C6743 Build/LMY47V,mobile,C6743 Build/LMY47V
mobile|BLN-L24 Build/HONORBLN-L24,mobile,BLN-L24 Build/HONORBLN-L24
mobile|SM-G935T,mobile,SM-G935T
mobile|Redmi Note 3 Build/MMB29M,mobile,Redmi Note 3 Build/MMB29M
mobile|SAMSUNG-SM-G900A Build/LMY47X,mobile,SAMSUNG-SM-G900A Build/LMY47X
mobile|E6810 Build/5.320VZ.03.r,mobile,E6810 Build/5.320VZ.03.r
mobile|E6553,mobile,E6553
mobile|Pixel 2 XL Build/OPM1.171019.011,mobile,Pixel 2 XL Build/OPM1.171019.011
mobile|Z835 Build/NMF26V,mobile,Z835 Build/NMF26V
mobile|LG-D725,mobile,LG-D725
mobile|XT1008 Build/LPBS23.13-56-2,mobile,XT1008 Build/LPBS23.13-56-2
mobile|XT1040,mobile,XT1040
mobile|en-us,mobile,en-us
mobile|SM-T807V,mobile,SM-T807V
mobile|VS996,mobile,VS996
mobile|E6853,mobile,E6853
mobile|LG-K550 Build/NRD90U,mobile,LG-K550 Build/NRD90U
mobile|XT1030 Build/SU6-7.7,mobile,XT1030 Build/SU6-7.7
mobile|LG-M154,mobile,LG-M154
mobile|SM-J700T Build/NMF26X,mobile,SM-J700T Build/NMF26X
mobile|SM-G920F Build/MMB29K,mobile,SM-G920F Build/MMB29K
mobile|8050G Build/LMY47I,mobile,8050G Build/LMY47I
mobile|SM-A500FU Build/MMB29M,mobile,SM-A500FU Build/MMB29M
mobile|SM-T337V,mobile,SM-T337V
mobile|SAMSUNG-SM-T377A Build/MMB29K,mobile,SAMSUNG-SM-T377A Build/MMB29K
mobile|HELIO,mobile,HELIO
mobile|BLADE V7 Build/MRA58K,mobile,BLADE V7 Build/MRA58K
mobile|MotoG3 Build/MPI24.65-33.1-2,mobile,MotoG3 Build/MPI24.65-33.1-2
mobile|SM-N950F Build/NMF26X,mobile,SM-N950F Build/NMF26X
mobile|LGMS550 Build/MXB48T,mobile,LGMS550 Build/MXB48T
mobile|XT1031,mobile,XT1031
mobile|SAMSUNG SM-T710 Build/NRD90M,mobile,SAMSUNG SM-T710 Build/NRD90M
mobile|Lenovo TB-7703X Build/S100,mobile,Lenovo TB-7703X Build/S100
mobile|Moto G (5) Build/NPPS25.137-15-11,mobile,Moto G (5) Build/NPPS25.137-15-11
mobile|LT30p,mobile,LT30p
mobile|Moto G (4) Build/NPJ25.93-14,mobile,Moto G (4) Build/NPJ25.93-14
mobile|MHA-L09 Build/HUAWEIMHA-L09,mobile,MHA-L09 Build/HUAWEIMHA-L09
mobile|HUAWEI VNS-L31 Build/HUAWEIVNS-L31,mobile,HUAWEI VNS-L31 Build/HUAWEIVNS-L31
mobile|Hisense L675 PRO Build/NRD90M,mobile,Hisense L675 PRO Build/NRD90M
mobile|SAMSUNG-SM-G925A Build/NRD90M,mobile,SAMSUNG-SM-G925A Build/NRD90M
mobile|Mi A1 Build/N2G47H,mobile,Mi A1 Build/N2G47H
mobile|SM-N900T,mobile,SM-N900T
mobile|VS425PP Build/LMY47V,mobile,VS425PP Build/LMY47V
mobile|SM-J727T Build/NRD90M,mobile,SM-J727T Build/NRD90M
mobile|LG-X220 Build/LMY47I,mobile,LG-X220 Build/LMY47I
desktop|ATT-IE11,desktop,ATT-IE11
mobile|SAMSUNG SM-G900F Build/MMB29M,mobile,SAMSUNG SM-G900F Build/MMB29M
mobile|BLADE V8 Build/NRD90M,mobile,BLADE V8 Build/NRD90M
mobile|SM-J700T1 Build/NMF26X,mobile,SM-J700T1 Build/NMF26X
mobile|Linux x86_64,mobile,Linux x86_64
mobile|SM-G930R7,mobile,SM-G930R7
mobile|LGUS215 Build/NRD90U,mobile,LGUS215 Build/NRD90U
mobile|SM-T237P,mobile,SM-T237P
mobile|TA-1038,mobile,TA-1038
mobile|SM-G930W8 Build/NRD90M,mobile,SM-G930W8 Build/NRD90M
mobile|SM-G950W,mobile,SM-G950W
mobile|SM-J100VPP Build/LMY48B,mobile,SM-J100VPP Build/LMY48B
mobile|LGLS990,mobile,LGLS990
mobile|SM-A500H,mobile,SM-A500H
mobile|F3313 Build/37.0.A.2.108,mobile,F3313 Build/37.0.A.2.108
mobile|SM-G900I,mobile,SM-G900I
mobile|SM-T813 Build/NRD90M,mobile,SM-T813 Build/NRD90M
desktop|rv:31.0,desktop,rv:31.0
mobile|SM-J730GM Build/NRD90M,mobile,SM-J730GM Build/NRD90M
UNKNOWN|rv:11.0,,rv:11.0
mobile|H1711 Build/HUAWEIH1711,mobile,H1711 Build/HUAWEIH1711
mobile|Build/OPR6.170623.013,mobile,Build/OPR6.170623.013
mobile|LG-V930,mobile,LG-V930
mobile|LG-K240 Build/MXB48T,mobile,LG-K240 Build/MXB48T
mobile|Z982 Build/NMF26V,mobile,Z982 Build/NMF26V
mobile|SAMSUNG SM-J700T Build/NMF26X,mobile,SAMSUNG SM-J700T Build/NMF26X
desktop|rv:44.0,desktop,rv:44.0
mobile|XT1055,mobile,XT1055
mobile|Moto E (4) Build/NCQ26.69-56,mobile,Moto E (4) Build/NCQ26.69-56
mobile|Moto E (4) Build/NDQS26.69-23-2-3,mobile,Moto E (4) Build/NDQS26.69-23-2-3
mobile|XT1575,mobile,XT1575
mobile|SM-J327P Build/MMB29M,mobile,SM-J327P Build/MMB29M
mobile|SM-T377V,mobile,SM-T377V
mobile|HUAWEI G7-L03 Build/HuaweiG7-L03,mobile,HUAWEI G7-L03 Build/HuaweiG7-L03
UNKNOWN|Trident/7.0,,Trident/7.0
mobile|LG-D693n Build/KOT49I.V10a,mobile,LG-D693n Build/KOT49I.V10a
mobile|SM-P900,mobile,SM-P900
mobile|SM-J500M Build/MMB29M,mobile,SM-J500M Build/MMB29M
mobile|SAMSUNG SM-N920T Build/NRD90M,mobile,SAMSUNG SM-N920T Build/NRD90M
mobile|Blade A510 Build/MRA58K,mobile,Blade A510 Build/MRA58K
mobile|LGL62VL,mobile,LGL62VL
mobile|BBB100-3,mobile,BBB100-3
mobile|SM-N910C Build/MMB29K,mobile,SM-N910C Build/MMB29K
mobile|LG-LS997 Build/NRD90M,mobile,LG-LS997 Build/NRD90M
mobile|SM-N950W,mobile,SM-N950W
mobile|4027A Build/KOT49H,mobile,4027A Build/KOT49H
desktop|rv:53.0,desktop,rv:53.0
mobile|E2306 Build/26.1.A.3.111,mobile,E2306 Build/26.1.A.3.111
mobile|ZTE,mobile,ZTE
mobile|LG-M150,mobile,LG-M150
mobile|HTC One Build/LRX22G,mobile,HTC One Build/LRX22G
mobile|SAMSUNG SM-G925P Build/NRD90M,mobile,SAMSUNG SM-G925P Build/NRD90M
mobile|SAMSUNG SM-G570M Build/MMB29K,mobile,SAMSUNG SM-G570M Build/MMB29K
mobile|LG-H830 Build/NRD90U,mobile,LG-H830 Build/NRD90U
mobile|SAMSUNG SM-N920P Build/NRD90M,mobile,SAMSUNG SM-N920P Build/NRD90M
mobile|SAMSUNG-SM-G890A Build/MMB29K,mobile,SAMSUNG-SM-G890A Build/MMB29K
mobile|SAMSUNG SM-G920T Build/NRD90M,mobile,SAMSUNG SM-G920T Build/NRD90M
mobile|SAMSUNG SM-N920A Build/NRD90M,mobile,SAMSUNG SM-N920A Build/NRD90M
desktop|rv:46.0,desktop,rv:46.0
mobile|SM-T800 Build/MMB29K,mobile,SM-T800 Build/MMB29K
desktop|hp2015,desktop,hp2015
desktop|iOS Device,desktop,iOS Device
mobile|Moto G (5) Build/NPP25.137-38,mobile,Moto G (5) Build/NPP25.137-38
mobile|SAMSUNG SM-G903F Build/MMB29K,mobile,SAMSUNG SM-G903F Build/MMB29K
mobile|SM-J100MU,mobile,SM-J100MU
mobile|E6833,mobile,E6833
UNKNOWN|Windows,,Windows
mobile|SM-G920W8,mobile,SM-G920W8
mobile|rv:56.0,mobile,rv:56.0
mobile|5010G Build/MRA58K,mobile,5010G Build/MRA58K
mobile|A3_mini,mobile,A3_mini
mobile|XT1528,mobile,XT1528
desktop|rv:39.0,desktop,rv:39.0
mobile|SM-N900W8 Build/LRX21V,mobile,SM-N900W8 Build/LRX21V
mobile|SM-G920T1,mobile,SM-G920T1
mobile|HP,mobile,HP
mobile|SM-S820L,mobile,SM-S820L
mobile|XT1032 Build/LPBS23.13-57-2,mobile,XT1032 Build/LPBS23.13-57-2
mobile|SM-G920V,mobile,SM-G920V
mobile|SAMSUNG SM-G850F/G850FXXS2CQD9 Build/LRX22G,mobile,SAMSUNG SM-G850F/G850FXXS2CQD9 Build/LRX22G
mobile|LG-H850,mobile,LG-H850
mobile|Redmi,mobile,Redmi
mobile|D6708,mobile,D6708
mobile|LG-H900/H90022b,mobile,LG-H900/H90022b
mobile|SAMSUNG-SM-G920A Build/NRD90M,mobile,SAMSUNG-SM-G920A Build/NRD90M
mobile|HUAWEI CAN-L01 Build/HUAWEICAN-L01,mobile,HUAWEI CAN-L01 Build/HUAWEICAN-L01
mobile|SAMSUNG SM-G935P Build/NRD90M,mobile,SAMSUNG SM-G935P Build/NRD90M
desktop|WOW64,desktop,WOW64
mobile|SAMSUNG SM-J327T1 Build/NRD90M,mobile,SAMSUNG SM-J327T1 Build/NRD90M
mobile|XT1563 Build/MPD24.107-52,mobile,XT1563 Build/MPD24.107-52
mobile|CRO-L03 Build/HUAWEICRO-L03,mobile,CRO-L03 Build/HUAWEICRO-L03
mobile|Hisense F23 Build/NRD90M,mobile,Hisense F23 Build/NRD90M
mobile|Moto C Plus Build/NRD90M.05.034,mobile,Moto C Plus Build/NRD90M.05.034
mobile|Redmi Note 4 Build/NRD90M,mobile,Redmi Note 4 Build/NRD90M
mobile|LG-K373,mobile,LG-K373
mobile|SM-G530P,mobile,SM-G530P
mobile|SM-J320FN Build/LMY47V,mobile,SM-J320FN Build/LMY47V
mobile|moto x4 Build/NPW26.83-18-2-0-4,mobile,moto x4 Build/NPW26.83-18-2-0-4
mobile|F5121 Build/34.3.A.0.238,mobile,F5121 Build/34.3.A.0.238
mobile|Android 5.1.1,mobile,Android 5.1.1
mobile|Ilium X210 Build/LMY47I,mobile,Ilium X210 Build/LMY47I
mobile|HTC6545LVW,mobile,HTC6545LVW
mobile|SM-S902L,mobile,SM-S902L
mobile|C2104,mobile,C2104
mobile|SAMSUNG-SM-T537A,mobile,SAMSUNG-SM-T537A
mobile|VS990 Build/MRA58K,mobile,VS990 Build/MRA58K
mobile|SM-N920V,mobile,SM-N920V
mobile|5056A Build/MMB29M,mobile,5056A Build/MMB29M
mobile|Lenovo A6020l37 Build/LMY47V,mobile,Lenovo A6020l37 Build/LMY47V
mobile|SAMSUNG-SM-G928A Build/NRD90M,mobile,SAMSUNG-SM-G928A Build/NRD90M
mobile|PH-1,mobile,PH-1
mobile|G3423,mobile,G3423
mobile|E5803 Build/32.4.A.1.54,mobile,E5803 Build/32.4.A.1.54
mobile|Hisense U963 Build/MRA58K,mobile,Hisense U963 Build/MRA58K
mobile|moto x4 Build/NPW26.83-42,mobile,moto x4 Build/NPW26.83-42
mobile|F3113 Build/33.2.A.3.81,mobile,F3113 Build/33.2.A.3.81
mobile|HTC One_M8 Build/MRA58K,mobile,HTC One_M8 Build/MRA58K
mobile|SAMSUNG SM-G530T Build/LMY47X,mobile,SAMSUNG SM-G530T Build/LMY47X
mobile|SM-G530H Build/KTU84P,mobile,SM-G530H Build/KTU84P
mobile|SM-P355M Build/MMB29M,mobile,SM-P355M Build/MMB29M
mobile|ONE TOUCH 4016A Build/JDQ39,mobile,ONE TOUCH 4016A Build/JDQ39
mobile|Ilium X510 Build/MRA58K,mobile,Ilium X510 Build/MRA58K
mobile|BLADE A520 Build/NRD90M,mobile,BLADE A520 Build/NRD90M
mobile|VS986 Build/MRA58K,mobile,VS986 Build/MRA58K
mobile|XT1609 Build/MPIS24.241-2.35-1-17,mobile,XT1609 Build/MPIS24.241-2.35-1-17
mobile|SAMSUNG-SM-G890A,mobile,SAMSUNG-SM-G890A
mobile|LG-D855 Build/LRX21R,mobile,LG-D855 Build/LRX21R
mobile|LG-H631,mobile,LG-H631
mobile|FP2,mobile,FP2
mobile|GT-N5110,mobile,GT-N5110
mobile|m3,mobile,m3
mobile|G3313 Build/43.0.A.5.79,mobile,G3313 Build/43.0.A.5.79
mobile|SM-G955U1 Build/NRD90M,mobile,SM-G955U1 Build/NRD90M
mobile|SM-J530GM Build/NRD90M,mobile,SM-J530GM Build/NRD90M
mobile|XT1563,mobile,XT1563
mobile|KFSUWI Build/LVY48F,mobile,KFSUWI Build/LVY48F
mobile|R1,mobile,R1
mobile|Blade L2 Plus Build/KOT49H,mobile,Blade L2 Plus Build/KOT49H
mobile|SAMSUNG SM-G925F Build/NRD90M,mobile,SAMSUNG SM-G925F Build/NRD90M
mobile|XT1635-02,mobile,XT1635-02
mobile|LG-V521,mobile,LG-V521
mobile|TA-1038 Build/NMF26O,mobile,TA-1038 Build/NMF26O
mobile|SCH-I435,mobile,SCH-I435
mobile|SM-G928T Build/NRD90M,mobile,SM-G928T Build/NRD90M
mobile|P027,mobile,P027
mobile|5054S Build/LMY47V,mobile,5054S Build/LMY47V
mobile|MotoG3-TE Build/MPDS24.65-33-1-30,mobile,MotoG3-TE Build/MPDS24.65-33-1-30
mobile|XT1064,mobile,XT1064
mobile|SM-J327T1 Build/NRD90M,mobile,SM-J327T1 Build/NRD90M
mobile|P00C,mobile,P00C
mobile|SAMSUNG SM-G920F Build/NRD90M,mobile,SAMSUNG SM-G920F Build/NRD90M
mobile|LG-H840 Build/MMB29M,mobile,LG-H840 Build/MMB29M
mobile|Lenovo TB-X103F Build/LenovoTB-X103F,mobile,Lenovo TB-X103F Build/LenovoTB-X103F
mobile|REVVLPLUS,mobile,REVVLPLUS
mobile|LG-M430 Build/NRD90U,mobile,LG-M430 Build/NRD90U
mobile|XT1060,mobile,XT1060
mobile|HUAWEI NXT-L09 Build/HUAWEINXT-L09,mobile,HUAWEI NXT-L09 Build/HUAWEINXT-L09
mobile|LenovoA3300-GV Build/JDQ39,mobile,LenovoA3300-GV Build/JDQ39
desktop|rv:35.0,desktop,rv:35.0
mobile|KFMEWI,mobile,KFMEWI
mobile|Le X520 Build/IEXCNFN5902303111S,mobile,Le X520 Build/IEXCNFN5902303111S
mobile|Nexus 6P Build/OPR5.170623.014,mobile,Nexus 6P Build/OPR5.170623.014
mobile|LG-M327 Build/NRD90U,mobile,LG-M327 Build/NRD90U
mobile|SAMSUNG-SM-G890A Build/NRD90M,mobile,SAMSUNG-SM-G890A Build/NRD90M
mobile|PSPC550 Build/LMY47D,mobile,PSPC550 Build/LMY47D
mobile|SM-G930VL Build/NRD90M,mobile,SM-G930VL Build/NRD90M
mobile|STV100-3,mobile,STV100-3
mobile|SAMSUNG SM-N950U1 Build/NMF26X,mobile,SAMSUNG SM-N950U1 Build/NMF26X
mobile|SM-A320Y,mobile,SM-A320Y
mobile|SAMSUNG SM-A720F Build/NRD90M,mobile,SAMSUNG SM-A720F Build/NRD90M
mobile|SM-G355M Build/KOT49H,mobile,SM-G355M Build/KOT49H
mobile|ME173X,mobile,ME173X
mobile|GT-S7580L Build/JDQ39,mobile,GT-S7580L Build/JDQ39
mobile|ALCATEL,mobile,ALCATEL
mobile|NXA116QC164,mobile,NXA116QC164
mobile|ZTE Blade L5 Build/LMY47I,mobile,ZTE Blade L5 Build/LMY47I
mobile|SM-G360V,mobile,SM-G360V
mobile|SM-G925F Build/NRD90M,mobile,SM-G925F Build/NRD90M
mobile|AX820 Build/MRA58K,mobile,AX820 Build/MRA58K
mobile|SM-G360M,mobile,SM-G360M
mobile|V.40R,mobile,V.40R
mobile|BLU,mobile,BLU
desktop|MALC,desktop,MALC
mobile|SM-G928V Build/MMB29K,mobile,SM-G928V Build/MMB29K
mobile|ASUS_Z00ED,mobile,ASUS_Z00ED
mobile|SH-04F,mobile,SH-04F
mobile|TREKKER-X3 Build/MMB29M,mobile,TREKKER-X3 Build/MMB29M
mobile|BLADE L7 Build/MRA58K,mobile,BLADE L7 Build/MRA58K
mobile|Nexus 5 Build/M4B30Z,mobile,Nexus 5 Build/M4B30Z
mobile|Venue,mobile,Venue
mobile|SAMSUNG SM-J327A Build/NRD90M,mobile,SAMSUNG SM-J327A Build/NRD90M
mobile|SM-T310 Build/KOT49H,mobile,SM-T310 Build/KOT49H
mobile|Android 7.0,mobile,Android 7.0
mobile|SM-A310F Build/MMB29K,mobile,SM-A310F Build/MMB29K
mobile|Moto G (4) Build/NPJS25.93-14-8,mobile,Moto G (4) Build/NPJS25.93-14-8
mobile|Moto E (4) Plus Build/NMA26.42-11-3,mobile,Moto E (4) Plus Build/NMA26.42-11-3
mobile|VS880PP,mobile,VS880PP
desktop|S.N.O.W.4,desktop,S.N.O.W.4
mobile|SM-J727T1 Build/NRD90M,mobile,SM-J727T1 Build/NRD90M
mobile|SAMSUNG-SM-N900A,mobile,SAMSUNG-SM-N900A
mobile|SAMSUNG SM-G900T Build/MMB29M,mobile,SAMSUNG SM-G900T Build/MMB29M
mobile|SGH-I337M Build/LRX22C,mobile,SGH-I337M Build/LRX22C
mobile|SM-N900T Build/LRX21V,mobile,SM-N900T Build/LRX21V
desktop|MAMI,desktop,MAMI
mobile|M4,mobile,M4
mobile|SM-N9005 Build/LRX21V,mobile,SM-N9005 Build/LRX21V
mobile|TREKKER-M1,mobile,TREKKER-M1
mobile|SCH-I535,mobile,SCH-I535
mobile|LG-V496,mobile,LG-V496
mobile|NOKIA,mobile,NOKIA
mobile|SGH-I317M,mobile,SGH-I317M
mobile|Turbo C5 Build/LMY47I,mobile,Turbo C5 Build/LMY47I
mobile|E5506 Build/29.2.A.0.166,mobile,E5506 Build/29.2.A.0.166
mobile|LG-H540,mobile,LG-H540
mobile|LG-D855,mobile,LG-D855
mobile|Z963VL,mobile,Z963VL
mobile|SAMSUNG SM-J327P Build/MMB29M,mobile,SAMSUNG SM-J327P Build/MMB29M
mobile|VFD,mobile,VFD
mobile|SM-S906L,mobile,SM-S906L
mobile|HUAWEI Y560-L03 Build/HUAWEIY560-L03,mobile,HUAWEI Y560-L03 Build/HUAWEIY560-L03
mobile|PRA-LX1 Build/HUAWEIPRA-LX1,mobile,PRA-LX1 Build/HUAWEIPRA-LX1
mobile|LG-H443/H44312g,mobile,LG-H443/H44312g
mobile|Lenovo TB2-X30F Build/LenovoTB2-X30F,mobile,Lenovo TB2-X30F Build/LenovoTB2-X30F
mobile|2PYB2,mobile,2PYB2
mobile|HTC One A9s Build/MRA58K,mobile,HTC One A9s Build/MRA58K
mobile|LG-K450 Build/MXB48T,mobile,LG-K450 Build/MXB48T
mobile|SM-N950U1 Build/NMF26X,mobile,SM-N950U1 Build/NMF26X
mobile|ZTE-Z835,mobile,ZTE-Z835
mobile|XT1033,mobile,XT1033
mobile|SM-G900R4,mobile,SM-G900R4
mobile|LG-K430 Build/MRA58K,mobile,LG-K430 Build/MRA58K
mobile|G8141 Build/47.1.A.5.51,mobile,G8141 Build/47.1.A.5.51
mobile|Z956 Build/MMB29M,mobile,Z956 Build/MMB29M
mobile|VS880,mobile,VS880
mobile|5049W Build/NRD90M,mobile,5049W Build/NRD90M
mobile|BLA-L29 Build/HUAWEIBLA-L29,mobile,BLA-L29 Build/HUAWEIBLA-L29
mobile|5057M,mobile,5057M
mobile|K88,mobile,K88
mobile|Blade A460 Build/LMY47O,mobile,Blade A460 Build/LMY47O
mobile|BLU LIFE XL Build/L050U,mobile,BLU LIFE XL Build/L050U
mobile|Coolpad,mobile,Coolpad
mobile|Vivo,mobile,Vivo
mobile|SM-G930T1,mobile,SM-G930T1
mobile|2PZC5,mobile,2PZC5
mobile|SM-T113 Build/KTU84P,mobile,SM-T113 Build/KTU84P
desktop|ATT,desktop,ATT
mobile|Studio,mobile,Studio
mobile|Z959 Build/LMY47V,mobile,Z959 Build/LMY47V
mobile|ZTE BLADE A321 Build/NMF26F,mobile,ZTE BLADE A321 Build/NMF26F
mobile|HTC6535LVW,mobile,HTC6535LVW
mobile|MotoG3 Build/MPI24.65-25,mobile,MotoG3 Build/MPI24.65-25
mobile|LG-X165g Build/LRX21M,mobile,LG-X165g Build/LRX21M
mobile|SM-J327T Build/NRD90M,mobile,SM-J327T Build/NRD90M
mobile|SLAY,mobile,SLAY
mobile|orbis,mobile,orbis
mobile|SAMSUNG SM-G925I Build/NRD90M,mobile,SAMSUNG SM-G925I Build/NRD90M
mobile|S57 Build/KTU84P,mobile,S57 Build/KTU84P
mobile|SAMSUNG SM-A510M Build/NRD90M,mobile,SAMSUNG SM-A510M Build/NRD90M
mobile|SM-A500M Build/LRX22G,mobile,SM-A500M Build/LRX22G
mobile|SAMSUNG SM-J111M Build/LMY47V,mobile,SAMSUNG SM-J111M Build/LMY47V
mobile|SCH-I545 Build/LRX22C,mobile,SCH-I545 Build/LRX22C
mobile|LG-H345,mobile,LG-H345
mobile|SM-S907VL,mobile,SM-S907VL
mobile|SAMSUNG-SM-G870A,mobile,SAMSUNG-SM-G870A
mobile|SM-J727VPP Build/NRD90M,mobile,SM-J727VPP Build/NRD90M
mobile|LGL58VL,mobile,LGL58VL
mobile|SAMSUNG SM-P580 Build/NRD90M,mobile,SAMSUNG SM-P580 Build/NRD90M
mobile|9003A Build/MRA58K,mobile,9003A Build/MRA58K
mobile|Moto G (5) Plus Build/NPN25.137-82,mobile,Moto G (5) Plus Build/NPN25.137-82
mobile|LG-M400 Build/NRD90U,mobile,LG-M400 Build/NRD90U
mobile|XT1058,mobile,XT1058
mobile|HTC6525LVW,mobile,HTC6525LVW
mobile|FRD-L14 Build/HUAWEIFRD-L14,mobile,FRD-L14 Build/HUAWEIFRD-L14
mobile|XT1096,mobile,XT1096
desktop|QwestIE8,desktop,QwestIE8
mobile|SAMSUNG-SM-T817A,mobile,SAMSUNG-SM-T817A
mobile|ASUS,mobile,ASUS
mobile|LG-D331,mobile,LG-D331
mobile|LG-M255,mobile,LG-M255
mobile|SM-G928F,mobile,SM-G928F
mobile|verykoolS5525,mobile,verykoolS5525
mobile|KFSOWI,mobile,KFSOWI
mobile|SM-N920R4,mobile,SM-N920R4
mobile|SM-P550 Build/NMF26X,mobile,SM-P550 Build/NMF26X
mobile|SM-S550TL,mobile,SM-S550TL
mobile|A621R,mobile,A621R
mobile|SAMSUNG SM-N950F Build/NMF26X,mobile,SAMSUNG SM-N950F Build/NMF26X
mobile|LG-H810/H81022f,mobile,LG-H810/H81022f
mobile|F5121 Build/34.3.A.0.252,mobile,F5121 Build/34.3.A.0.252
mobile|SGH-M919N,mobile,SGH-M919N
mobile|H1611,mobile,H1611
mobile|XT1063 Build/MPB24.65-34-3,mobile,XT1063 Build/MPB24.65-34-3
mobile|LGL52VL Build/LMY47V,mobile,LGL52VL Build/LMY47V
mobile|SM-N920A Build/MMB29K,mobile,SM-N920A Build/MMB29K
mobile|G3223 Build/42.0.A.4.101,mobile,G3223 Build/42.0.A.4.101
mobile|LG-LK460,mobile,LG-LK460
mobile|XT1094,mobile,XT1094
mobile|P5026A,mobile,P5026A
mobile|SAMSUNG-SM-G530AZ Build/LMY48B,mobile,SAMSUNG-SM-G530AZ Build/LMY48B
mobile|LGLS665 Build/LMY47V,mobile,LGLS665 Build/LMY47V
mobile|SAMSUNG SM-N900T Build/LRX21V,mobile,SAMSUNG SM-N900T Build/LRX21V
mobile|SM-G610M Build/NRD90M,mobile,SM-G610M Build/NRD90M
mobile|Z833,mobile,Z833
mobile|LG-D850,mobile,LG-D850
mobile|D6503,mobile,D6503
mobile|SM-A720F Build/NRD90M,mobile,SM-A720F Build/NRD90M
mobile|SAMSUNG SM-J530GM Build/NRD90M,mobile,SAMSUNG SM-J530GM Build/NRD90M
mobile|Moto C Build/NRD90M.046,mobile,Moto C Build/NRD90M.046
mobile|ZTE A2017U Build/NRD90M,mobile,ZTE A2017U Build/NRD90M
mobile|GT-N7100,mobile,GT-N7100
mobile|SAMSUNG SM-J710MN Build/MMB29K,mobile,SAMSUNG SM-J710MN Build/MMB29K
mobile|XT1063 Build/MPB24.65-34,mobile,XT1063 Build/MPB24.65-34
mobile|SM-P605V,mobile,SM-P605V
desktop|rv:37.0,desktop,rv:37.0
mobile|SAMSUNG SM-G928G Build/NRD90M,mobile,SAMSUNG SM-G928G Build/NRD90M
mobile|Lenovo TAB 2 A7-30GC Build/KOT49H,mobile,Lenovo TAB 2 A7-30GC Build/KOT49H
mobile|LG-K428 Build/NRD90U,mobile,LG-K428 Build/NRD90U
mobile|BLU STUDIO C 5+5 Build/LRX21M,mobile,BLU STUDIO C 5+5 Build/LRX21M
mobile|F3113,mobile,F3113
mobile|SM-S975L,mobile,SM-S975L
mobile|XT1097,mobile,XT1097
mobile|MotoG3-TE Build/MPDS24.65-33-1-3,mobile,MotoG3-TE Build/MPDS24.65-33-1-3
mobile|0PM92,mobile,0PM92
mobile|D2306,mobile,D2306
mobile|MYA-L13 Build/HUAWEIMYA-L13,mobile,MYA-L13 Build/HUAWEIMYA-L13
mobile|LG-H700 Build/NRD90U,mobile,LG-H700 Build/NRD90U
mobile|A50C+,mobile,A50C+
mobile|SAMSUNG SM-G900M Build/LRX21T,mobile,SAMSUNG SM-G900M Build/LRX21T
mobile|5095I Build/MRA58K,mobile,5095I Build/MRA58K
mobile|LG-V495,mobile,LG-V495
mobile|F3213 Build/36.0.A.2.146,mobile,F3213 Build/36.0.A.2.146
mobile|A1601 Build/LMY47I,mobile,A1601 Build/LMY47I
mobile|LGUS991,mobile,LGUS991
mobile|SAMSUNG-SM-T807A,mobile,SAMSUNG-SM-T807A
mobile|S6000,mobile,S6000
mobile|SM-J320VPP,mobile,SM-J320VPP
desktop|rv:52.9,desktop,rv:52.9
mobile|SAMSUNG SM-T800 Build/MMB29K,mobile,SAMSUNG SM-T800 Build/MMB29K
desktop|Intel,desktop,Intel
mobile|Blade A475 Build/LMY47D,mobile,Blade A475 Build/LMY47D
mobile|LG-K550,mobile,LG-K550
mobile|E5506,mobile,E5506
mobile|SAMSUNG SM-G900I Build/MMB29M,mobile,SAMSUNG SM-G900I Build/MMB29M
desktop|Win64,desktop,Win64
mobile|0PJA2,mobile,0PJA2
mobile|BLU ENERGY X PLUS Build/LRX21M,mobile,BLU ENERGY X PLUS Build/LRX21M
mobile|SM-A710M Build/NRD90M,mobile,SM-A710M Build/NRD90M
mobile|5015A Build/LMY47I,mobile,5015A Build/LMY47I
mobile|SAMSUNG SM-J530F Build/NRD90M,mobile,SAMSUNG SM-J530F Build/NRD90M
mobile|SM-G900L,mobile,SM-G900L
mobile|ASUS_P00J,mobile,ASUS_P00J
mobile|TA-1025,mobile,TA-1025
mobile|SM-S327VL,mobile,SM-S327VL
mobile|A0001 Build/MHC19Q,mobile,A0001 Build/MHC19Q
mobile|GT-I9195L,mobile,GT-I9195L
mobile|6039A Build/LRX22G,mobile,6039A Build/LRX22G
mobile|SM-A800I,mobile,SM-A800I
mobile|LG-D959,mobile,LG-D959
mobile|SM-G900V Build/LRX21T,mobile,SM-G900V Build/LRX21T
mobile|SAMSUNG SM-G930R4 Build/NRD90M,mobile,SAMSUNG SM-G930R4 Build/NRD90M
mobile|LGL83BL,mobile,LGL83BL
mobile|SM-G928P,mobile,SM-G928P
mobile|C6906 Build/14.6.A.1.236,mobile,C6906 Build/14.6.A.1.236
mobile|K92,mobile,K92
mobile|K90U,mobile,K90U
mobile|SAMSUNG-SM-G935A,mobile,SAMSUNG-SM-G935A
mobile|XT1580 Build/NPKS25.200-12-9,mobile,XT1580 Build/NPKS25.200-12-9
mobile|SM-A310F Build/NRD90M,mobile,SM-A310F Build/NRD90M
desktop|BOIE9,desktop,BOIE9
mobile|SM-T377P,mobile,SM-T377P
mobile|LG-LS995,mobile,LG-LS995
mobile|LGUS990,mobile,LGUS990
mobile|SM-G935U,mobile,SM-G935U
mobile|XT1021 Build/KXC21.5-40,mobile,XT1021 Build/KXC21.5-40
mobile|KIW-L24,mobile,KIW-L24
mobile|SM-T377T,mobile,SM-T377T
desktop|rv:43.0,desktop,rv:43.0
mobile|LG-D320 Build/KOT49I.V10a,mobile,LG-D320 Build/KOT49I.V10a
mobile|Alcatel_5044R Build/NRD90M,mobile,Alcatel_5044R Build/NRD90M
mobile|SAMSUNG-SM-N910A,mobile,SAMSUNG-SM-N910A
mobile|HTC6500LVW,mobile,HTC6500LVW
mobile|XT1575 Build/NPHS25.200-23-1,mobile,XT1575 Build/NPHS25.200-23-1
mobile|RS988,mobile,RS988
mobile|LG-H931,mobile,LG-H931
mobile|RCT6S03W12,mobile,RCT6S03W12
mobile|SAMSUNG-SM-G920A Build/MMB29K,mobile,SAMSUNG-SM-G920A Build/MMB29K
mobile|SM-T807T,mobile,SM-T807T
mobile|CAM-L23,mobile,CAM-L23
mobile|SM-T817T,mobile,SM-T817T
mobile|SM-J727P,mobile,SM-J727P
mobile|SM-G550T2,mobile,SM-G550T2
mobile|VS985,mobile,VS985
mobile|LG-H815 Build/MRA58K,mobile,LG-H815 Build/MRA58K
mobile|SM-G900P,mobile,SM-G900P
mobile|SAMSUNG SM-J320M Build/LMY47V,mobile,SAMSUNG SM-J320M Build/LMY47V
mobile|BBA100-1,mobile,BBA100-1
mobile|831C,mobile,831C
mobile|LG-H830,mobile,LG-H830
mobile|ALCATEL ONE TOUCH 7047A Build/JDQ39,mobile,ALCATEL ONE TOUCH 7047A Build/JDQ39
mobile|SM-G800F Build/MMB29K,mobile,SM-G800F Build/MMB29K
mobile|SM-E700M,mobile,SM-E700M
mobile|SAMSUNG SM-J710MN Build/NRD90M,mobile,SAMSUNG SM-J710MN Build/NRD90M
mobile|Z831,mobile,Z831
mobile|GT-P3100,mobile,GT-P3100
mobile|E5606,mobile,E5606
mobile|SAMSUNG-SM-G900A,mobile,SAMSUNG-SM-G900A
mobile|ASUS_Z00UD,mobile,ASUS_Z00UD
mobile|SM-N900P Build/LRX21V,mobile,SM-N900P Build/LRX21V
mobile|LG-V700,mobile,LG-V700
mobile|SAMSUNG SM-J700T1 Build/NMF26X,mobile,SAMSUNG SM-J700T1 Build/NMF26X
mobile|P008 Build/NRD90M,mobile,P008 Build/NRD90M
mobile|ONEPLUS,mobile,ONEPLUS
mobile|SAMSUNG-SM-J320A Build/NMF26X,mobile,SAMSUNG-SM-J320A Build/NMF26X
mobile|SM-G800M Build/KOT49H,mobile,SM-G800M Build/KOT49H
mobile|BBB100-2,mobile,BBB100-2
mobile|LG-D680,mobile,LG-D680
mobile|SM-S727VL Build/MMB29M,mobile,SM-S727VL Build/MMB29M
mobile|F3313,mobile,F3313
mobile|ONE,mobile,ONE
mobile|D5106,mobile,D5106
mobile|SAMSUNG-SGH-I337,mobile,SAMSUNG-SGH-I337
mobile|LGL84VL Build/NRD90U,mobile,LGL84VL Build/NRD90U
mobile|TA-1028 Build/NMF26O,mobile,TA-1028 Build/NMF26O
mobile|YOGA,mobile,YOGA
mobile|D5316,mobile,D5316
mobile|SPH-L720,mobile,SPH-L720
mobile|SM-N915V,mobile,SM-N915V
mobile|0PAJ5,mobile,0PAJ5
mobile|RCT6513W87 Build/MRA58K,mobile,RCT6513W87 Build/MRA58K
mobile|E6853 Build/32.4.A.1.54,mobile,E6853 Build/32.4.A.1.54
mobile|SM-G720AX,mobile,SM-G720AX
mobile|SM-G900M Build/MMB29M,mobile,SM-G900M Build/MMB29M
mobile|6045I Build/LRX22G,mobile,6045I Build/LRX22G
mobile|Android 6.0,mobile,Android 6.0
mobile|E2006,mobile,E2006
mobile|BBB100-1,mobile,BBB100-1
mobile|GT-I9060L Build/JDQ39,mobile,GT-I9060L Build/JDQ39
mobile|SM-T530,mobile,SM-T530
mobile|Infinit,mobile,Infinit
mobile|SM-J110M Build/LMY48B,mobile,SM-J110M Build/LMY48B
mobile|LG-D213,mobile,LG-D213
mobile|LAVA_A3,mobile,LAVA_A3
mobile|GT-S7390,mobile,GT-S7390
mobile|Alcatel_5054O,mobile,Alcatel_5054O
mobile|Lenovo YT3-X50F Build/MMB29M,mobile,Lenovo YT3-X50F Build/MMB29M
mobile|SAMSUNG-SM-G925A,mobile,SAMSUNG-SM-G925A
mobile|SM-A300H,mobile,SM-A300H
mobile|HUAWEI Build/MMB28B,mobile,HUAWEI Build/MMB28B
mobile|Ilium L620 Build/NRD90M,mobile,Ilium L620 Build/NRD90M
mobile|SM-N910P,mobile,SM-N910P
mobile|Lenovo PB2-650Y Build/MRA58K,mobile,Lenovo PB2-650Y Build/MRA58K
mobile|SM-G9250,mobile,SM-G9250
mobile|SM-N920C Build/NRD90M,mobile,SM-N920C Build/NRD90M
mobile|SM-J710GN,mobile,SM-J710GN
mobile|SM-A500W,mobile,SM-A500W
mobile|Nexus 6 Build/N6F27M,mobile,Nexus 6 Build/N6F27M
mobile|Moto Z2 Play Build/NPSS26.118-19-11,mobile,Moto Z2 Play Build/NPSS26.118-19-11
mobile|QTAQZ3 Build/KOT49H,mobile,QTAQZ3 Build/KOT49H
mobile|M4 SS4452 Build/LMY47V,mobile,M4 SS4452 Build/LMY47V
mobile|SM-T110 Build/JDQ39,mobile,SM-T110 Build/JDQ39
mobile|Neffos C5 Build/LMY47D,mobile,Neffos C5 Build/LMY47D
mobile|TA-1028 Build/NRD90M,mobile,TA-1028 Build/NRD90M
mobile|TA-1044 Build/NMF26F,mobile,TA-1044 Build/NMF26F
mobile|ASTRO,mobile,ASTRO
mobile|SAMSUNG-SM-J320AZ,mobile,SAMSUNG-SM-J320AZ
mobile|BG2-W09,mobile,BG2-W09
mobile|SM-J700H Build/MMB29K,mobile,SM-J700H Build/MMB29K
mobile|GT-P5110,mobile,GT-P5110
mobile|ASUS_Z01KD,mobile,ASUS_Z01KD
mobile|LG-K330,mobile,LG-K330
mobile|SM-J530F Build/NRD90M,mobile,SM-J530F Build/NRD90M
mobile|LG-D693n,mobile,LG-D693n
mobile|LG-H525n Build/MRA58K,mobile,LG-H525n Build/MRA58K
mobile|P5006A,mobile,P5006A
mobile|SAMSUNG SM-J510MN Build/MMB29M,mobile,SAMSUNG SM-J510MN Build/MMB29M
mobile|iris 870 Build/MRA58K,mobile,iris 870 Build/MRA58K
mobile|XT1032 Build/KXB20.9-1.10-1.24-1.1,mobile,XT1032 Build/KXB20.9-1.10-1.24-1.1
mobile|Ilium,mobile,Ilium
mobile|LG-H932,mobile,LG-H932
mobile|SM-T705,mobile,SM-T705
mobile|SM-G920I,mobile,SM-G920I
mobile|Moto G (4) Build/NPJS25.93-14-13,mobile,Moto G (4) Build/NPJS25.93-14-13
mobile|SAMSUNG SM-J120H Build/LMY47V,mobile,SAMSUNG SM-J120H Build/LMY47V
mobile|Moto G (5) Build/NPP25.137-15,mobile,Moto G (5) Build/NPP25.137-15
mobile|7048A Build/LRX22G,mobile,7048A Build/LRX22G
mobile|4013M Build/KOT49H,mobile,4013M Build/KOT49H
mobile|STV100-1,mobile,STV100-1
mobile|Moto C Build/NRD90M.054,mobile,Moto C Build/NRD90M.054
mobile|LG-E450f,mobile,LG-E450f
mobile|LG-H960,mobile,LG-H960
mobile|gxq6580_weg_l Build/LMY47I,mobile,gxq6580_weg_l Build/LMY47I
mobile|SM-G930T,mobile,SM-G930T
mobile|Beat,mobile,Beat
mobile|SM-G928G Build/MMB29K,mobile,SM-G928G Build/MMB29K
mobile|VK700 Build/LRX22G,mobile,VK700 Build/LRX22G
mobile|EVA-L19 Build/HUAWEIEVA-L19,mobile,EVA-L19 Build/HUAWEIEVA-L19
mobile|LGL57BL,mobile,LGL57BL
mobile|XT1023,mobile,XT1023
mobile|XT1008,mobile,XT1008
mobile|SM-G900T1,mobile,SM-G900T1
mobile|Neffos X1 Max Build/NRD90M,mobile,Neffos X1 Max Build/NRD90M
mobile|M4 SS4458 Build/MMB29M,mobile,M4 SS4458 Build/MMB29M
mobile|E6603,mobile,E6603
mobile|A96 Build/LMY47I,mobile,A96 Build/LMY47I
mobile|Lenovo TB3-710I Build/LMY47I,mobile,Lenovo TB3-710I Build/LMY47I
mobile|SM-A520W Build/NRD90M,mobile,SM-A520W Build/NRD90M
mobile|SAMSUNG SM-J500M Build/MMB29M,mobile,SAMSUNG SM-J500M Build/MMB29M
mobile|E5803,mobile,E5803
mobile|E2104,mobile,E2104
mobile|SAMSUNG SM-G800F Build/MMB29K,mobile,SAMSUNG SM-G800F Build/MMB29K
mobile|SM-T800,mobile,SM-T800
mobile|WAS-LX1A Build/HUAWEIWAS-LX1A,mobile,WAS-LX1A Build/HUAWEIWAS-LX1A
mobile|Alcatel_5098O Build/MMB29M,mobile,Alcatel_5098O Build/MMB29M
mobile|Blade A465 Build/LMY47D,mobile,Blade A465 Build/LMY47D
mobile|Ilium X520 Build/NRD90M,mobile,Ilium X520 Build/NRD90M
mobile|SLA-L02,mobile,SLA-L02
mobile|F5121,mobile,F5121
desktop|rv:29.0,desktop,rv:29.0
mobile|LG-H735 Build/LMY47V,mobile,LG-H735 Build/LMY47V
mobile|Max,mobile,Max
mobile|G620S-L03,mobile,G620S-L03
mobile|SM-G318ML,mobile,SM-G318ML
mobile|SAMSUNG SM-A320Y Build/NRD90M,mobile,SAMSUNG SM-A320Y Build/NRD90M
mobile|SM-T320 Build/KOT49H,mobile,SM-T320 Build/KOT49H
mobile|MotoG3 Build/MPI24.65-25.1,mobile,MotoG3 Build/MPI24.65-25.1
mobile|F1f Build/LMY47V,mobile,F1f Build/LMY47V
mobile|Moto G Play Build/NJH47F,mobile,Moto G Play Build/NJH47F
mobile|HUAWEI LUA-U23 Build/HUAWEILUA-U23,mobile,HUAWEI LUA-U23 Build/HUAWEILUA-U23
mobile|LG-H343,mobile,LG-H343
mobile|Mi A1 Build/OPR1.170623.026,mobile,Mi A1 Build/OPR1.170623.026
mobile|LGMS323,mobile,LGMS323
mobile|verykools5004,mobile,verykools5004
mobile|SM-J710MN Build/NRD90M,mobile,SM-J710MN Build/NRD90M
mobile|LG-H650 Build/LMY47V,mobile,LG-H650 Build/LMY47V
mobile|D2306 Build/18.6.A.0.182,mobile,D2306 Build/18.6.A.0.182
mobile|SAMSUNG SM-G925P Build/MMB29K,mobile,SAMSUNG SM-G925P Build/MMB29K
mobile|F3213,mobile,F3213
mobile|SM-G928P Build/NRD90M,mobile,SM-G928P Build/NRD90M
mobile|U,mobile,U
mobile|HTC_D10i,mobile,HTC_D10i
mobile|TA-1027 Build/N2G47H,mobile,TA-1027 Build/N2G47H
mobile|VTR-L29,mobile,VTR-L29
mobile|TA-1025 Build/NMF26F,mobile,TA-1025 Build/NMF26F
mobile|iris 820 Build/MRA58K,mobile,iris 820 Build/MRA58K
mobile|Wileyfox,mobile,Wileyfox
mobile|LG-H340AR,mobile,LG-H340AR
mobile|Ilium L610 Build/MRA58K,mobile,Ilium L610 Build/MRA58K
mobile|IdeaTab,mobile,IdeaTab
mobile|A9,mobile,A9
mobile|iPhone,mobile,iPhone
mobile|Redmi 4A Build/N2G47H,mobile,Redmi 4A Build/N2G47H
mobile|Moto Z2 Play Build/NPSS26.118-19-14,mobile,Moto Z2 Play Build/NPSS26.118-19-14
mobile|Blade L3 Build/KOT49H,mobile,Blade L3 Build/KOT49H
mobile|ZTE BLADE A512 Build/MMB29M,mobile,ZTE BLADE A512 Build/MMB29M
mobile|4047A Build/NRD90M,mobile,4047A Build/NRD90M
mobile|N9136,mobile,N9136
mobile|SM-G610F Build/NRD90M,mobile,SM-G610F Build/NRD90M
mobile|DT0704K08,mobile,DT0704K08
mobile|Hisense,mobile,Hisense
mobile|SM-G920R4,mobile,SM-G920R4
mobile|A466BG,mobile,A466BG
mobile|NEM-L51 Build/HONORNEM-L51,mobile,NEM-L51 Build/HONORNEM-L51
mobile|4047G Build/NRD90M,mobile,4047G Build/NRD90M
mobile|MotoG3,mobile,MotoG3
mobile|MI,mobile,MI
mobile|ALCATEL ONE TOUCH 5036A Build/JDQ39,mobile,ALCATEL ONE TOUCH 5036A Build/JDQ39
mobile|D5316 Build/19.4.A.0.182,mobile,D5316 Build/19.4.A.0.182
mobile|LG-K420,mobile,LG-K420
mobile|SM-A300FU Build/MMB29M,mobile,SM-A300FU Build/MMB29M
mobile|1016S,mobile,1016S
mobile|Lenovo TB3-710F Build/LRX21M,mobile,Lenovo TB3-710F Build/LRX21M
mobile|SGP621 Build/23.5.A.1.291,mobile,SGP621 Build/23.5.A.1.291
mobile|LG-V520,mobile,LG-V520
mobile|RS988 Build/MMB29M,mobile,RS988 Build/MMB29M
mobile|ASUS_X008DC Build/NRD90M,mobile,ASUS_X008DC Build/NRD90M
mobile|ASUS_Z01BDA,mobile,ASUS_Z01BDA
mobile|ALCATEL ONE TOUCH 7042A Build/JDQ39,mobile,ALCATEL ONE TOUCH 7042A Build/JDQ39
mobile|Archos,mobile,Archos
mobile|RCT6773W22B,mobile,RCT6773W22B
mobile|XT1032,mobile,XT1032
mobile|F80 PIABELLA Build/MRA58K,mobile,F80 PIABELLA Build/MRA58K
mobile|XT1650 Build/NPLS26.118-20-5-11,mobile,XT1650 Build/NPLS26.118-20-5-11
mobile|SAMSUNG SM-A510F Build/NRD90M,mobile,SAMSUNG SM-A510F Build/NRD90M
mobile|SM-J320W8,mobile,SM-J320W8
mobile|SM-G955F,mobile,SM-G955F
mobile|SAMSUNG SM-G610M Build/NRD90M,mobile,SAMSUNG SM-G610M Build/NRD90M
mobile|Grand2c,mobile,Grand2c
mobile|LG-D625,mobile,LG-D625
mobile|FTJ152D,mobile,FTJ152D
mobile|SM-G928V,mobile,SM-G928V
mobile|QTASUN1,mobile,QTASUN1
mobile|Z799VL,mobile,Z799VL
mobile|BBA100-2,mobile,BBA100-2
mobile|SM-J710F Build/NRD90M,mobile,SM-J710F Build/NRD90M
mobile|HT0701A16,mobile,HT0701A16
mobile|EGO,mobile,EGO
mobile|SAMSUNG SM-G920I Build/NRD90M,mobile,SAMSUNG SM-G920I Build/NRD90M
mobile|SM-G903F Build/MMB29K,mobile,SM-G903F Build/MMB29K
mobile|ASUS_X00DD,mobile,ASUS_X00DD
mobile|Aquaris U Plus Build/NMF26F,mobile,Aquaris U Plus Build/NMF26F
mobile|Robin,mobile,Robin
mobile|rv:55.0,mobile,rv:55.0
mobile|verykools5035,mobile,verykools5035
mobile|ICON,mobile,ICON
mobile|XT1680,mobile,XT1680
mobile|ONE A2003 Build/MMB29M,mobile,ONE A2003 Build/MMB29M
mobile|Moto G Play Build/NPI26.48-36,mobile,Moto G Play Build/NPI26.48-36
mobile|verykools4009,mobile,verykools4009
mobile|Z839,mobile,Z839
mobile|5085B Build/MRA58K,mobile,5085B Build/MRA58K
mobile|S60 Build/MMB29M,mobile,S60 Build/MMB29M
mobile|ASUS_Z00AD Build/LRX21V,mobile,ASUS_Z00AD Build/LRX21V
mobile|HUAWEI GRA-L09 Build/HUAWEIGRA-L09,mobile,HUAWEI GRA-L09 Build/HUAWEIGRA-L09
mobile|SM-G930F Build/MMB29K,mobile,SM-G930F Build/MMB29K
mobile|SAMSUNG-SM-J320AZ Build/MMB29K,mobile,SAMSUNG-SM-J320AZ Build/MMB29K
mobile|XT1092,mobile,XT1092
mobile|Moto C Build/NRD90M.050,mobile,Moto C Build/NRD90M.050
mobile|SM-G570M Build/NRD90M,mobile,SM-G570M Build/NRD90M
mobile|HUAWEI LYO-L21 Build/HUAWEILYO-L21,mobile,HUAWEI LYO-L21 Build/HUAWEILYO-L21
mobile|PLAYTAB,mobile,PLAYTAB
mobile|Tab2A7-10F,mobile,Tab2A7-10F
mobile|VKY-L09 Build/HUAWEIVKY-L09,mobile,VKY-L09 Build/HUAWEIVKY-L09
mobile|LG-H815,mobile,LG-H815
mobile|U FEEL LITE Build/MRA58K,mobile,U FEEL LITE Build/MRA58K
mobile|E5823 Build/32.4.A.1.54,mobile,E5823 Build/32.4.A.1.54
mobile|Pixel 2 XL Build/OPM1.171019.013,mobile,Pixel 2 XL Build/OPM1.171019.013
mobile|SM-A320FL Build/NRD90M,mobile,SM-A320FL Build/NRD90M
mobile|N817,mobile,N817
mobile|Joy,mobile,Joy
mobile|C6906,mobile,C6906
mobile|E6810,mobile,E6810
mobile|SM-J710GN Build/MMB29K,mobile,SM-J710GN Build/MMB29K
mobile|SM-T530 Build/LRX22G,mobile,SM-T530 Build/LRX22G
mobile|Pixel Build/OPM1.171019.012,mobile,Pixel Build/OPM1.171019.012
mobile|WAS-L03T Build/HUAWEIWAS-L03T,mobile,WAS-L03T Build/HUAWEIWAS-L03T
mobile|Tornado,mobile,Tornado
mobile|SM-G950U Build/R16NW,mobile,SM-G950U Build/R16NW
mobile|SM-J500FN Build/MMB29M,mobile,SM-J500FN Build/MMB29M
mobile|SM-T825 Build/NRD90M,mobile,SM-T825 Build/NRD90M
mobile|LGLS775 Build/MMB29M,mobile,LGLS775 Build/MMB29M
mobile|Moto G (5) Plus Build/NPN25.137-92,mobile,Moto G (5) Plus Build/NPN25.137-92
mobile|SM-G390W,mobile,SM-G390W
mobile|SAMSUNG SM-J500FN Build/MMB29M,mobile,SAMSUNG SM-J500FN Build/MMB29M
mobile|SM-A510F Build/MMB29K,mobile,SM-A510F Build/MMB29K
mobile|GT-I9195I,mobile,GT-I9195I
mobile|ASUS_X015D Build/NRD90M,mobile,ASUS_X015D Build/NRD90M
mobile|IdeaTabA1000-F,mobile,IdeaTabA1000-F
mobile|LM-X210(G,mobile,LM-X210(G
mobile|ALTER,mobile,ALTER
mobile|SM-G390F,mobile,SM-G390F
mobile|E5823,mobile,E5823
mobile|A37f,mobile,A37f
mobile|F5321 Build/34.3.A.0.238,mobile,F5321 Build/34.3.A.0.238
mobile|TAB7,mobile,TAB7
mobile|LGLS675 Build/LMY47V,mobile,LGLS675 Build/LMY47V
mobile|Ilium L950 Build/KTU84P,mobile,Ilium L950 Build/KTU84P
desktop|rv:59.0,desktop,rv:59.0
mobile|E6633,mobile,E6633
mobile|LG-H831 Build/NRD90U,mobile,LG-H831 Build/NRD90U
mobile|SM-T555,mobile,SM-T555
mobile|TRT-LX3,mobile,TRT-LX3
mobile|HIGHWAY,mobile,HIGHWAY
mobile|verykools5034,mobile,verykools5034
mobile|RCT6203W46 Build/KOT49H,mobile,RCT6203W46 Build/KOT49H
mobile|SAMSUNG SM-J320FN Build/LMY47V,mobile,SAMSUNG SM-J320FN Build/LMY47V
mobile|Moto Z2 Play Build/NPSS26.118-19-4,mobile,Moto Z2 Play Build/NPSS26.118-19-4
mobile|GT-N8000,mobile,GT-N8000
mobile|SAMSUNG SM-N900W8 Build/LRX21V,mobile,SAMSUNG SM-N900W8 Build/LRX21V
mobile|Mobiistar_LAI_Yuna_X,mobile,Mobiistar_LAI_Yuna_X
mobile|iris80,mobile,iris80
mobile|GT-I9505 Build/LRX22C,mobile,GT-I9505 Build/LRX22C
mobile|VTR-L09 Build/HUAWEIVTR-L09,mobile,VTR-L09 Build/HUAWEIVTR-L09
mobile|BND-L21 Build/HONORBND-L21,mobile,BND-L21 Build/HONORBND-L21
mobile|Nexus 5X Build/OPM3.171019.013,mobile,Nexus 5X Build/OPM3.171019.013
mobile|SAMSUNG SM-A320FL Build/NRD90M,mobile,SAMSUNG SM-A320FL Build/NRD90M
mobile|LG-D802,mobile,LG-D802
mobile|HTC U11 Build/OPR6.170623.013,mobile,HTC U11 Build/OPR6.170623.013
mobile|LG-D722,mobile,LG-D722
mobile|SLA-L22,mobile,SLA-L22
mobile|Moto G (5) Build/NPP25.137-93,mobile,Moto G (5) Build/NPP25.137-93
mobile|Pixel 2 Build/OPM2.171019.016,mobile,Pixel 2 Build/OPM2.171019.016
mobile|XT1021 Build/LPCS23.13-34.8-3,mobile,XT1021 Build/LPCS23.13-34.8-3
mobile|LGLK430,mobile,LGLK430
mobile|T1,mobile,T1
mobile|TR10CS1 Build/JDQ39,mobile,TR10CS1 Build/JDQ39
mobile|Redmi 3S Build/MMB29M,mobile,Redmi 3S Build/MMB29M
mobile|E2303,mobile,E2303
mobile|SM-G531F,mobile,SM-G531F
mobile|E8QP,mobile,E8QP
mobile|SAMSUNG-SM-N920A,mobile,SAMSUNG-SM-N920A
mobile|SM-A310M Build/NRD90M,mobile,SM-A310M Build/NRD90M
mobile|LGL41C,mobile,LGL41C
mobile|Grand,mobile,Grand
mobile|SM-G903M,mobile,SM-G903M
mobile|9022X,mobile,9022X
mobile|ALP-L09 Build/HUAWEIALP-L09,mobile,ALP-L09 Build/HUAWEIALP-L09
mobile|SM-G850M Build/LRX22G,mobile,SM-G850M Build/LRX22G
mobile|LG-F400K,mobile,LG-F400K
mobile|RCT6223W87,mobile,RCT6223W87
mobile|E2104 Build/24.0.A.5.14,mobile,E2104 Build/24.0.A.5.14
mobile|9002A,mobile,9002A
mobile|COVET Build/NRD90M,mobile,COVET Build/NRD90M
mobile|XT1080,mobile,XT1080
mobile|SM-J120FN Build/LMY47X,mobile,SM-J120FN Build/LMY47X
mobile|RNE-L03 Build/HUAWEIRNE-L03,mobile,RNE-L03 Build/HUAWEIRNE-L03
mobile|ME301T,mobile,ME301T
mobile|SM-G900F Build/KOT49H,mobile,SM-G900F Build/KOT49H
mobile|TA-1027,mobile,TA-1027
mobile|SGH-M919 Build/KTU84P,mobile,SGH-M919 Build/KTU84P
mobile|P5006A Build/NRD90M,mobile,P5006A Build/NRD90M
mobile|G8141,mobile,G8141
mobile|SM-G530W,mobile,SM-G530W
mobile|AX921 Build/MRA58K,mobile,AX921 Build/MRA58K
mobile|SM-N910F Build/MMB29M,mobile,SM-N910F Build/MMB29M
mobile|ZTE Blade A511 Build/MRA58K,mobile,ZTE Blade A511 Build/MRA58K
mobile|Ilium L1000 Build/LRX22G,mobile,Ilium L1000 Build/LRX22G
mobile|KYY22,mobile,KYY22
mobile|ASUS_Z017D,mobile,ASUS_Z017D
mobile|LG-H870DS Build/NRD90U,mobile,LG-H870DS Build/NRD90U
mobile|LGLS755,mobile,LGLS755
mobile|Stellar,mobile,Stellar
mobile|GT-I9515,mobile,GT-I9515
mobile|FRD-L09 Build/HUAWEIFRD-L09,mobile,FRD-L09 Build/HUAWEIFRD-L09
mobile|AX1070,mobile,AX1070
mobile|SAMSUNG SM-T550 Build/NMF26X,mobile,SAMSUNG SM-T550 Build/NMF26X
mobile|SENS,mobile,SENS
mobile|VT0701A08,mobile,VT0701A08
mobile|DUK-AL20,mobile,DUK-AL20
mobile|Lenovo PB2-670Y Build/MRA58K,mobile,Lenovo PB2-670Y Build/MRA58K
mobile|SM-J510F,mobile,SM-J510F
mobile|SM-J330FN Build/NRD90M,mobile,SM-J330FN Build/NRD90M
mobile|HTC Desire 526G Build/KOT49H,mobile,HTC Desire 526G Build/KOT49H
mobile|SM-J330F,mobile,SM-J330F
mobile|4003A,mobile,4003A
desktop|rv:60.0,desktop,rv:60.0
mobile|HTC_One_M8s/2.12.111.1,mobile,HTC_One_M8s/2.12.111.1
mobile|Z832 Build/MMB29M,mobile,Z832 Build/MMB29M
mobile|SAMSUNG SM-A510M Build/MMB29K,mobile,SAMSUNG SM-A510M Build/MMB29K
mobile|CPH1701,mobile,CPH1701
mobile|A952,mobile,A952
mobile|E5306 Build/27.3.A.0.165,mobile,E5306 Build/27.3.A.0.165
mobile|Z9 PLUS Build/NRD90M,mobile,Z9 PLUS Build/NRD90M
mobile|Dash,mobile,Dash
mobile|LG-D320,mobile,LG-D320
mobile|NX521J,mobile,NX521J
mobile|916,mobile,916
mobile|4034G,mobile,4034G
mobile|Gravity Build/NRD90M,mobile,Gravity Build/NRD90M
mobile|PLUS,mobile,PLUS
mobile|Pixel Build/OPM1.171019.016,mobile,Pixel Build/OPM1.171019.016
mobile|SM-N910T3,mobile,SM-N910T3
mobile|9203A Build/MRA58K,mobile,9203A Build/MRA58K
mobile|MHA-L29 Build/HUAWEIMHA-L29,mobile,MHA-L29 Build/HUAWEIMHA-L29
mobile|SGH-I337M,mobile,SGH-I337M
mobile|PE-TL10,mobile,PE-TL10
mobile|Z2,mobile,Z2
mobile|SGH-M919V,mobile,SGH-M919V
mobile|Tmovi Build/Vision,mobile,Tmovi Build/Vision
mobile|XT1068,mobile,XT1068
mobile|Advance,mobile,Advance
mobile|SM-G360F,mobile,SM-G360F
mobile|PLK-L01 Build/HONORPLK-L01,mobile,PLK-L01 Build/HONORPLK-L01
mobile|ZA409,mobile,ZA409
mobile|Energy X 2 Build/E050L,mobile,Energy X 2 Build/E050L
mobile|LG-H850 Build/MMB29M,mobile,LG-H850 Build/MMB29M
mobile|GT-I8200N,mobile,GT-I8200N
mobile|Hisense F102 Build/NRD90M,mobile,Hisense F102 Build/NRD90M
mobile|5017A,mobile,5017A
mobile|moto x4 Build/OPW27.57-40,mobile,moto x4 Build/OPW27.57-40
mobile|B1-810,mobile,B1-810
mobile|Moto G Play Build/NPIS26.48-36-2,mobile,Moto G Play Build/NPIS26.48-36-2
mobile|STV100-4 Build/LMY47V,mobile,STV100-4 Build/LMY47V
mobile|TA-1004,mobile,TA-1004
mobile|SM-G313ML,mobile,SM-G313ML
mobile|SM-G530M,mobile,SM-G530M
mobile|LG-E980h,mobile,LG-E980h
mobile|BAH-L09 Build/HUAWEIBAH-L09,mobile,BAH-L09 Build/HUAWEIBAH-L09
mobile|DLI-L22 Build/HONORDLI-L22,mobile,DLI-L22 Build/HONORDLI-L22
mobile|SM-G388F,mobile,SM-G388F
mobile|HTCD160LVWPP,mobile,HTCD160LVWPP
desktop|Moto G (4) Build/NPJS25.93-14-13,desktop,Moto G (4) Build/NPJS25.93-14-13
desktop|LG-D320 Build/KOT49I.V10a,desktop,LG-D320 Build/KOT49I.V10a
desktop|Moto G (5) Build/NPP25.137-72,desktop,Moto G (5) Build/NPP25.137-72
desktop|Moto E (4) Build/NMA26.42-19,desktop,Moto E (4) Build/NMA26.42-19
desktop|Moto G (4) Build/NPJ25.93-14.7,desktop,Moto G (4) Build/NPJ25.93-14.7
desktop|HTC One mini Build/KOT49H,desktop,HTC One mini Build/KOT49H
mobile|SM-N9500,mobile,SM-N9500
desktop|Moto G (5) Build/NPP25.137-93,desktop,Moto G (5) Build/NPP25.137-93
mobile|SAMSUNG-SGH-I537,mobile,SAMSUNG-SGH-I537
mobile|5042A,mobile,5042A
desktop|Moto E (4) Plus Build/NMA26.42-69,desktop,Moto E (4) Plus Build/NMA26.42-69
mobile|SM-G903W,mobile,SM-G903W
desktop|SAMSUNG,desktop,SAMSUNG
desktop|Moto G (5) Plus Build/NPN25.137-82,desktop,Moto G (5) Plus Build/NPN25.137-82
desktop|KFDOWI Build/LVY48F,desktop,KFDOWI Build/LVY48F
mobile|BLN-L21 Build/HONORBLN-L21,mobile,BLN-L21 Build/HONORBLN-L21
desktop|Moto G (4) Build/NPJS25.93-14-10,desktop,Moto G (4) Build/NPJS25.93-14-10
mobile|SM-G730V,mobile,SM-G730V
mobile|ALUMINI,mobile,ALUMINI
desktop|Moto G (5) Build/NPPS25.137-15-11,desktop,Moto G (5) Build/NPPS25.137-15-11
mobile|9008A Build/NRD90M,mobile,9008A Build/NRD90M
mobile|IdeaTabA2109A,mobile,IdeaTabA2109A
desktop|SAMSUNG SM-G531H Build/LMY48B,desktop,SAMSUNG SM-G531H Build/LMY48B
mobile|G3223 Build/42.0.A.4.167,mobile,G3223 Build/42.0.A.4.167
desktop|Moto G (5) Build/NPP25.137-82,desktop,Moto G (5) Build/NPP25.137-82
mobile|LG-M710 Build/NRD90U,mobile,LG-M710 Build/NRD90U
mobile|XT1254,mobile,XT1254
desktop|SAMSUNG SM-J320M Build/LMY47V,desktop,SAMSUNG SM-J320M Build/LMY47V
mobile|SM-J510FN Build/NMF26X,mobile,SM-J510FN Build/NMF26X
mobile|LG-H520,mobile,LG-H520
mobile|HTC One mini Build/KOT49H,mobile,HTC One mini Build/KOT49H
mobile|Aquaris_A4.5,mobile,Aquaris_A4.5
mobile|SM-J500G,mobile,SM-J500G
mobile|Hisense T963 Build/MRA58K,mobile,Hisense T963 Build/MRA58K
mobile|SM-J200H,mobile,SM-J200H
desktop|Moto G (4) Build/NPJ25.93-14.5,desktop,Moto G (4) Build/NPJ25.93-14.5
mobile|8080 Build/LRX21M,mobile,8080 Build/LRX21M
mobile|SM-G530FZ,mobile,SM-G530FZ
desktop|Moto G (5) Plus Build/NPN25.137-72,desktop,Moto G (5) Plus Build/NPN25.137-72
mobile|Mi,mobile,Mi
mobile|LOGIC,mobile,LOGIC
mobile|XT1650 Build/NPLS26.118-20-5-3,mobile,XT1650 Build/NPLS26.118-20-5-3
mobile|Pixel 2 Build/OPM1.171019.019,mobile,Pixel 2 Build/OPM1.171019.019
mobile|ASUS_X00DDA,mobile,ASUS_X00DDA
mobile|HUAWEI Y360-U23 Build/HUAWEIY360-U23,mobile,HUAWEI Y360-U23 Build/HUAWEIY360-U23
desktop|Moto,desktop,Moto
mobile|E6653 Build/32.4.A.1.54,mobile,E6653 Build/32.4.A.1.54
mobile|NXA8QC116,mobile,NXA8QC116
mobile|AERIAL,mobile,AERIAL
desktop|xs-Z47b7VqTMxs,desktop,xs-Z47b7VqTMxs
desktop|S70V,desktop,S70V
desktop|KFASWI Build/LVY48F,desktop,KFASWI Build/LVY48F
desktop|Linux,desktop,Linux
mobile|8062 Build/MRA58K,mobile,8062 Build/MRA58K
mobile|LG-D400,mobile,LG-D400
desktop|Moto E (4) Build/NMA26.42-11-3,desktop,Moto E (4) Build/NMA26.42-11-3
mobile|SAMSUNG-SM-G930AZ,mobile,SAMSUNG-SM-G930AZ
mobile|XT1572 Build/NPHS25.200-15-8,mobile,XT1572 Build/NPHS25.200-15-8
desktop|SM-T330NU Build/LMY47X,desktop,SM-T330NU Build/LMY47X
mobile|D6603,mobile,D6603
desktop|Moto G (5S,desktop,Moto G (5S
mobile|ZTE BLADE V8 MINI Build/NRD90M,mobile,ZTE BLADE V8 MINI Build/NRD90M
mobile|TA-1044,mobile,TA-1044
desktop|Moto G (5) Plus Build/NPNS25.137-92-4,desktop,Moto G (5) Plus Build/NPNS25.137-92-4
mobile|VTR-AL00 Build/HUAWEIVTR-AL00,mobile,VTR-AL00 Build/HUAWEIVTR-AL00
mobile|MYA-L03 Build/HUAWEIMYA-L03,mobile,MYA-L03 Build/HUAWEIMYA-L03
mobile|Hisense F32 Build/NMF26F,mobile,Hisense F32 Build/NMF26F
mobile|SM-T217S Build/KOT49H,mobile,SM-T217S Build/KOT49H
desktop|Moto E (4) Plus Build/NMA26.42-11-3,desktop,Moto E (4) Plus Build/NMA26.42-11-3
mobile|B3-A40,mobile,B3-A40
desktop|XT1021 Build/LPCS23.13-34.8-3,desktop,XT1021 Build/LPCS23.13-34.8-3
desktop|ZUUM_ZEN_I Build/LRX21M,desktop,ZUUM_ZEN_I Build/LRX21M
mobile|B3-A20,mobile,B3-A20
desktop|CHC-U03 Build/HuaweiCHC-U03,desktop,CHC-U03 Build/HuaweiCHC-U03
mobile|en-gb,mobile,en-gb
desktop|SAMSUNG-SM-G530AZ Build/LMY48B,desktop,SAMSUNG-SM-G530AZ Build/LMY48B
mobile|GT-S5310L,mobile,GT-S5310L
mobile|VS5012 Build/NRD90M,mobile,VS5012 Build/NRD90M
mobile|C1904,mobile,C1904
mobile|SM-T585,mobile,SM-T585
mobile|SM-T580,mobile,SM-T580
mobile|F3111 Build/33.3.A.1.97,mobile,F3111 Build/33.3.A.1.97
desktop|Android 4.4.2,desktop,Android 4.4.2
mobile|LGLS992,mobile,LGLS992
mobile|BV7000,mobile,BV7000
desktop|KFTHWI Build/KTU84M,desktop,KFTHWI Build/KTU84M
mobile|K10,mobile,K10
mobile|LG-P708g,mobile,LG-P708g
mobile|SM-G925I,mobile,SM-G925I
desktop|MotoE2(4G-LTE,desktop,MotoE2(4G-LTE
mobile|SM-G386W,mobile,SM-G386W
mobile|SM-A300M,mobile,SM-A300M
mobile|HUAWEI M2-801W Build/HUAWEIM2-801W,mobile,HUAWEI M2-801W Build/HUAWEIM2-801W
desktop|SAMSUNG SM-G920F Build/LRX22G,desktop,SAMSUNG SM-G920F Build/LRX22G
desktop|LG-D693n Build/LRX22G,desktop,LG-D693n Build/LRX22G
mobile|Lenovo YT3-850F Build/MMB29M,mobile,Lenovo YT3-850F Build/MMB29M
mobile|PLE-701L,mobile,PLE-701L
mobile|LIMIT,mobile,LIMIT
mobile|SM-T285M,mobile,SM-T285M
mobile|iris702,mobile,iris702
desktop|Moto G (5) Plus Build/NPN25.137-92,desktop,Moto G (5) Plus Build/NPN25.137-92
mobile|SM-J530G,mobile,SM-J530G
mobile|LG-H812,mobile,LG-H812
mobile|LGL164VL Build/NRD90U,mobile,LGL164VL Build/NRD90U
desktop|SM-G530H Build/KTU84P,desktop,SM-G530H Build/KTU84P
mobile|HUAWEI CAN-L11 Build/HUAWEICAN-L11,mobile,HUAWEI CAN-L11 Build/HUAWEICAN-L11
mobile|NX16A8116KP,mobile,NX16A8116KP
desktop|Moto G (4) Build/NPJS25.93-14-8,desktop,Moto G (4) Build/NPJS25.93-14-8
desktop|Moto E (4) Build/NMA26.42-69,desktop,Moto E (4) Build/NMA26.42-69
mobile|SM-E500M,mobile,SM-E500M
mobile|A574BL Build/NMF26F,mobile,A574BL Build/NMF26F
mobile|SAMSUNG SM-A730F Build/NMF26X,mobile,SAMSUNG SM-A730F Build/NMF26X
mobile|SM-T827R4,mobile,SM-T827R4
mobile|Lenovo YT3-850M Build/MMB29M,mobile,Lenovo YT3-850M Build/MMB29M
mobile|F3313 Build/37.0.A.2.248,mobile,F3313 Build/37.0.A.2.248
mobile|rv:60.0,mobile,rv:60.0
desktop|SAMSUNG SM-N900W8 Build/LRX21V,desktop,SAMSUNG SM-N900W8 Build/LRX21V
mobile|TA-1044 Build/OPR1.170623.026,mobile,TA-1044 Build/OPR1.170623.026
mobile|SM-G950F Build/R16NW,mobile,SM-G950F Build/R16NW
mobile|F5321 Build/34.2.A.2.47,mobile,F5321 Build/34.2.A.2.47
mobile|SM-G7105,mobile,SM-G7105
mobile|GT-S7275B,mobile,GT-S7275B
mobile|Minion_Tab,mobile,Minion_Tab
mobile|X900+,mobile,X900+
desktop|Moto Z (2,desktop,Moto Z (2
mobile|SAMSUNG-SM-J327AZ,mobile,SAMSUNG-SM-J327AZ
mobile|LGMS428,mobile,LGMS428
mobile|SAMSUNG SM-T813 Build/NRD90M,mobile,SAMSUNG SM-T813 Build/NRD90M
mobile|Ilium LT520 Build/NRD90M,mobile,Ilium LT520 Build/NRD90M
mobile|SAMSUNG-SM-N900A Build/LRX21V,mobile,SAMSUNG-SM-N900A Build/LRX21V
desktop|SAMSUNG SM-T530NU Build/LRX22G,desktop,SAMSUNG SM-T530NU Build/LRX22G
mobile|SM-A530F Build/NMF26X,mobile,SM-A530F Build/NMF26X
mobile|SM-P607T,mobile,SM-P607T
mobile|Redmi 5 Plus Build/N2G47H,mobile,Redmi 5 Plus Build/N2G47H
mobile|SM-T355Y Build/NMF26X,mobile,SM-T355Y Build/NMF26X
mobile|SM-J700P,mobile,SM-J700P
mobile|Ilium X220 Build/MRA58K,mobile,Ilium X220 Build/MRA58K
mobile|LGL163BL,mobile,LGL163BL
mobile|TA-1052,mobile,TA-1052
mobile|Pixel XL Build/OPM1.171019.016,mobile,Pixel XL Build/OPM1.171019.016
mobile|O1,mobile,O1
mobile|Origins,mobile,Origins
mobile|ASUS_Z017DA,mobile,ASUS_Z017DA
desktop|Moto G (5) Build/NPPS25.137-93-4,desktop,Moto G (5) Build/NPPS25.137-93-4
desktop|Moto G (5) Build/NPP25.137-38,desktop,Moto G (5) Build/NPP25.137-38
mobile|LG-M257,mobile,LG-M257
desktop|Moto E (4) Build/NDQS26.69-23-2-3,desktop,Moto E (4) Build/NDQS26.69-23-2-3
desktop|XT1040,desktop,XT1040
mobile|Aquaris X5 Plus Build/NMF26F,mobile,Aquaris X5 Plus Build/NMF26F
mobile|XT1072,mobile,XT1072
mobile|verykool,mobile,verykool
mobile|X3402,mobile,X3402
mobile|LGMS345,mobile,LGMS345
mobile|rv:53.0,mobile,rv:53.0
mobile|LG-V500,mobile,LG-V500
mobile|A1-850,mobile,A1-850
desktop|Moto G (5) Plus Build/NPNS25.137-15-11,desktop,Moto G (5) Plus Build/NPNS25.137-15-11
mobile|A97,mobile,A97
desktop|SM-G531H Build/LMY48B,desktop,SM-G531H Build/LMY48B
mobile|SM-N920P,mobile,SM-N920P
mobile|FIG-LX3 Build/HUAWEIFIG-LX3,mobile,FIG-LX3 Build/HUAWEIFIG-LX3
desktop|SM-A300H Build/LRX22G,desktop,SM-A300H Build/LRX22G
mobile|5045I,mobile,5045I
desktop|SM-J700M Build/LMY48B,desktop,SM-J700M Build/LMY48B
desktop|ALE-L23 Build/HuaweiALE-L23,desktop,ALE-L23 Build/HuaweiALE-L23
mobile|STF-L09 Build/HUAWEISTF-L09,mobile,STF-L09 Build/HUAWEISTF-L09
mobile|Alcatel_4060O Build/MMB29M,mobile,Alcatel_4060O Build/MMB29M
mobile|LGUS992,mobile,LGUS992
desktop|SM-G900M Build/LRX21T,desktop,SM-G900M Build/LRX21T
desktop|SM-T560 Build/KTU84P,desktop,SM-T560 Build/KTU84P
mobile|XT1609,mobile,XT1609
mobile|SM-T537V,mobile,SM-T537V
mobile|moto x4 Build/OPWS27.57-40-6,mobile,moto x4 Build/OPWS27.57-40-6
mobile|SC-02H,mobile,SC-02H
desktop|SM-G355M Build/KOT49H,desktop,SM-G355M Build/KOT49H
mobile|SM-A500FU,mobile,SM-A500FU
desktop|Ilium Pad T7X Build/LMY47I,desktop,Ilium Pad T7X Build/LMY47I
mobile|XT1095,mobile,XT1095
desktop|SM-G925I Build/LMY47X,desktop,SM-G925I Build/LMY47X
desktop|SM-J500M Build/LMY48B,desktop,SM-J500M Build/LMY48B
mobile|SAMSUNG SM-A310F Build/NRD90M,mobile,SAMSUNG SM-A310F Build/NRD90M
desktop|GT-N5110 Build/JDQ39,desktop,GT-N5110 Build/JDQ39
mobile|5056N,mobile,5056N
mobile|SAMSUNG-SGH-I497,mobile,SAMSUNG-SGH-I497
desktop|SM-J110M Build/LMY48B,desktop,SM-J110M Build/LMY48B
desktop|Moto E (4) Plus Build/NMA26.42-142,desktop,Moto E (4) Plus Build/NMA26.42-142
mobile|ALCATEL ONE TOUCH 7040A Build/JDQ39,mobile,ALCATEL ONE TOUCH 7040A Build/JDQ39
mobile|ZTE-Z956,mobile,ZTE-Z956
mobile|E5306 Build/27.3.A.0.129,mobile,E5306 Build/27.3.A.0.129
desktop|C6903,desktop,C6903
desktop|SM-J120H Build/LMY47V,desktop,SM-J120H Build/LMY47V
desktop|XT1032 Build/LPBS23.13-56-2,desktop,XT1032 Build/LPBS23.13-56-2
mobile|BLA-L09 Build/HUAWEIBLA-L09,mobile,BLA-L09 Build/HUAWEIBLA-L09
desktop|Blade V6 Build/LRX22G,desktop,Blade V6 Build/LRX22G
desktop|LG-D680 Build/KOT49I,desktop,LG-D680 Build/KOT49I
mobile|ALP-L09 Build/HUAWEIALP-L09S,mobile,ALP-L09 Build/HUAWEIALP-L09S
mobile|MAGNO,mobile,MAGNO
mobile|Alcatel_5056O,mobile,Alcatel_5056O
mobile|LG-SP200,mobile,LG-SP200
desktop|LG-X210 Build/LMY47I,desktop,LG-X210 Build/LMY47I
desktop|SM-G530H Build/LRX22G,desktop,SM-G530H Build/LRX22G
mobile|XT1650 Build/NCLS26.118-23-13-6-5,mobile,XT1650 Build/NCLS26.118-23-13-6-5
desktop|SM-N900W8 Build/LRX21V,desktop,SM-N900W8 Build/LRX21V
mobile|VK815,mobile,VK815
desktop|SM-J320M Build/LMY47V,desktop,SM-J320M Build/LMY47V
mobile|SAMSUNG SM-G950F Build/R16NW,mobile,SAMSUNG SM-G950F Build/R16NW
desktop|Moto G (4) Build/NPJS25.93-14-8.1-4,desktop,Moto G (4) Build/NPJS25.93-14-8.1-4
mobile|SM-C900F,mobile,SM-C900F
desktop|TR10CS1 Build/JDQ39,desktop,TR10CS1 Build/JDQ39
mobile|P5046A,mobile,P5046A
desktop|ZTE,desktop,ZTE
mobile|rv:59.0,mobile,rv:59.0
desktop|SAMSUNG SM-G900M Build/LRX21T,desktop,SAMSUNG SM-G900M Build/LRX21T
desktop|Tmovi Build/Vision,desktop,Tmovi Build/Vision
desktop|Blade V580 Build/LMY47D,desktop,Blade V580 Build/LMY47D
desktop|HUAWEI GRA-L09 Build/HUAWEIGRA-L09,desktop,HUAWEI GRA-L09 Build/HUAWEIGRA-L09
mobile|STK_Sync_5e,mobile,STK_Sync_5e
desktop|SM-A500M Build/LRX22G,desktop,SM-A500M Build/LRX22G
desktop|LG-X220 Build/LMY47I,desktop,LG-X220 Build/LMY47I
mobile|Ilium Pad T7X Build/LMY47I,mobile,Ilium Pad T7X Build/LMY47I
mobile|VS996 Build/OPR1.170623.026,mobile,VS996 Build/OPR1.170623.026
desktop|MI,desktop,MI
desktop|ILIUM,desktop,ILIUM
mobile|SM-G955U Build/R16NW,mobile,SM-G955U Build/R16NW
desktop|HUAWEI RIO-L03 Build/HUAWEIRIO-L03,desktop,HUAWEI RIO-L03 Build/HUAWEIRIO-L03
desktop|SM-T113NU Build/KTU84P,desktop,SM-T113NU Build/KTU84P
mobile|WAS-TL10 Build/HUAWEIWAS-TL10,mobile,WAS-TL10 Build/HUAWEIWAS-TL10
mobile|G25524K,mobile,G25524K
desktop|SGP511,desktop,SGP511
desktop|HUAWEI TAG-L13 Build/HUAWEITAG-L13,desktop,HUAWEI TAG-L13 Build/HUAWEITAG-L13
mobile|SAMSUNG-SM-J120A,mobile,SAMSUNG-SM-J120A
desktop|ALCATEL ONE TOUCH 7040A Build/JDQ39,desktop,ALCATEL ONE TOUCH 7040A Build/JDQ39
mobile|SOV33 Build/35.0.D.2.25,mobile,SOV33 Build/35.0.D.2.25
desktop|Z813 Build/LMY47O,desktop,Z813 Build/LMY47O
desktop|GT-I9060M Build/KTU84P,desktop,GT-I9060M Build/KTU84P
mobile|G3223,mobile,G3223
desktop|SM-A310M Build/LMY47X,desktop,SM-A310M Build/LMY47X
desktop|M4 SS4456 Build/LMY47V,desktop,M4 SS4456 Build/LMY47V
desktop|SM-G318ML,desktop,SM-G318ML
mobile|SM-G730W8 Build/KOT49H,mobile,SM-G730W8 Build/KOT49H
desktop|Moto G (4) Build/NPJ25.93-14,desktop,Moto G (4) Build/NPJ25.93-14
desktop|SM-G386T,desktop,SM-G386T
mobile|4034E,mobile,4034E
mobile|MYA-L11,mobile,MYA-L11
desktop|SM-E500M Build/KTU84P,desktop,SM-E500M Build/KTU84P
desktop|LG-H320 Build/LRX21Y,desktop,LG-H320 Build/LRX21Y
mobile|SM-A520W,mobile,SM-A520W
desktop|SM-E500M,desktop,SM-E500M
desktop|Moto G (5) Build/NPP25.137-15,desktop,Moto G (5) Build/NPP25.137-15
mobile|RCT6K03W13,mobile,RCT6K03W13
desktop|D5306,desktop,D5306
desktop|ALE-L21 Build/HuaweiALE-L21,desktop,ALE-L21 Build/HuaweiALE-L21
desktop|NX521J,desktop,NX521J
mobile|rv:14.0,mobile,rv:14.0
mobile|SAMSUNG-SM-G925A Build/MMB29K,mobile,SAMSUNG-SM-G925A Build/MMB29K
mobile|A5002,mobile,A5002
mobile|Pixel 2 XL Build/OPM1.171019.021,mobile,Pixel 2 XL Build/OPM1.171019.021
mobile|SM-T210,mobile,SM-T210
mobile|NYX_A1,mobile,NYX_A1
mobile|F3311,mobile,F3311
mobile|Pixel 2 Build/OPM1.171019.021,mobile,Pixel 2 Build/OPM1.171019.021
mobile|MI MAX 2 Build/NMF26F,mobile,MI MAX 2 Build/NMF26F
mobile|SPH-L720T,mobile,SPH-L720T
mobile|XT1021,mobile,XT1021
mobile|Nexus 6 Build/MOB30M,mobile,Nexus 6 Build/MOB30M
desktop|LG-H542 Build/LRX22G,desktop,LG-H542 Build/LRX22G
mobile|SM-N920T,mobile,SM-N920T
mobile|B1-790,mobile,B1-790
mobile|G527-U081,mobile,G527-U081
desktop|Y635-L03 Build/HuaweiY635-L03,desktop,Y635-L03 Build/HuaweiY635-L03
mobile|LG-D681,mobile,LG-D681
mobile|SAMSUNG SM-G570M Build/NRD90M,mobile,SAMSUNG SM-G570M Build/NRD90M
mobile|Helix,mobile,Helix
mobile|XT890 Build/9.8.2I-50_SML-25,mobile,XT890 Build/9.8.2I-50_SML-25
desktop|SAMSUNG SM-A300H Build/LRX22G,desktop,SAMSUNG SM-A300H Build/LRX22G
mobile|SAMSUNG SM-G9600 Build/R16NW,mobile,SAMSUNG SM-G9600 Build/R16NW
mobile|SM-G925T Build/LMY47X,mobile,SM-G925T Build/LMY47X
mobile|SM-G900M Build/KOT49H,mobile,SM-G900M Build/KOT49H
mobile|Pixel XL Build/OPM1.171019.021,mobile,Pixel XL Build/OPM1.171019.021
desktop|Moto G (5) Plus Build/NPN25.137-15,desktop,Moto G (5) Plus Build/NPN25.137-15
mobile|SAMSUNG SM-G950U Build/R16NW,mobile,SAMSUNG SM-G950U Build/R16NW
mobile|G3123,mobile,G3123
mobile|XT1710-02,mobile,XT1710-02
desktop|SAMSUNG SM-N900T Build/LRX21V,desktop,SAMSUNG SM-N900T Build/LRX21V
mobile|SM-G9600 Build/R16NW,mobile,SM-G9600 Build/R16NW
mobile|STELLAR,mobile,STELLAR
mobile|ZUR70016,mobile,ZUR70016
desktop|SM-G900M Build/KOT49H,desktop,SM-G900M Build/KOT49H
mobile|SM-G928G,mobile,SM-G928G
desktop|SAMSUNG SM-A310M Build/LMY47X,desktop,SAMSUNG SM-A310M Build/LMY47X
desktop|Star,desktop,Star
mobile|Z813 Build/LMY47O,mobile,Z813 Build/LMY47O
mobile|G8341,mobile,G8341
mobile|rv:51.0,mobile,rv:51.0
mobile|XT1580 Build/NPKS25.200-17-8,mobile,XT1580 Build/NPKS25.200-17-8
mobile|LEX829,mobile,LEX829
mobile|TA-1027 Build/OPR1.170623.026,mobile,TA-1027 Build/OPR1.170623.026
desktop|HUAWEI G7-L03 Build/HuaweiG7-L03,desktop,HUAWEI G7-L03 Build/HuaweiG7-L03
mobile|TA-1020,mobile,TA-1020
mobile|HT0703K16,mobile,HT0703K16
mobile|Aquaris V Build/N2G47H,mobile,Aquaris V Build/N2G47H
mobile|SM-G350M,mobile,SM-G350M
mobile|Infinix,mobile,Infinix
mobile|H550,mobile,H550
mobile|M431,mobile,M431
desktop|SAMSUNG SM-J700M Build/LMY48B,desktop,SAMSUNG SM-J700M Build/LMY48B
mobile|AOC_U706G,mobile,AOC_U706G
mobile|Gigaset,mobile,Gigaset
mobile|SLA-L23,mobile,SLA-L23
mobile|SAMSUNG SM-G955U Build/R16NW,mobile,SAMSUNG SM-G955U Build/R16NW
desktop|LG-H221,desktop,LG-H221
mobile|G3123 Build/40.0.A.6.189,mobile,G3123 Build/40.0.A.6.189
mobile|GRACE,mobile,GRACE
mobile|PMID7102DC,mobile,PMID7102DC
mobile|SM-J500H,mobile,SM-J500H
desktop|Moto G (4) Build/NPJS25.93-14-15,desktop,Moto G (4) Build/NPJS25.93-14-15
mobile|LG-SP320,mobile,LG-SP320
mobile|Build/OPR1.170623.032,mobile,Build/OPR1.170623.032
mobile|V502015,mobile,V502015
mobile|ZTE BLADE A6 Build/NMF26F,mobile,ZTE BLADE A6 Build/NMF26F
mobile|AERIAL Build/NRD90M,mobile,AERIAL Build/NRD90M
mobile|VS980 4G Build/LRX22G,mobile,VS980 4G Build/LRX22G
desktop|KFGIWI Build/LVY48F,desktop,KFGIWI Build/LVY48F
mobile|GRANT,mobile,GRANT
mobile|Moto C Build/NRD90M.057,mobile,Moto C Build/NRD90M.057
mobile|SM-G965U Build/R16NW,mobile,SM-G965U Build/R16NW
mobile|SAMSUNG SM-A310F/A310FXXU4CRB1 Build/NRD90M,mobile,SAMSUNG SM-A310F/A310FXXU4CRB1 Build/NRD90M
mobile|XT1225,mobile,XT1225
mobile|M4 SS4457-R Build/NRD90M,mobile,M4 SS4457-R Build/NRD90M
mobile|SAMSUNG SM-N950U Build/R16NW,mobile,SAMSUNG SM-N950U Build/R16NW
mobile|R831L,mobile,R831L
desktop|Nexus,desktop,Nexus
mobile|Swift,mobile,Swift
desktop|MotoG3,desktop,MotoG3
mobile|PRA507,mobile,PRA507
mobile|F8131,mobile,F8131
mobile|iris50,mobile,iris50
mobile|M10/Q1010,mobile,M10/Q1010
mobile|AX705,mobile,AX705
mobile|SAMSUNG SM-G965U1 Build/R16NW,mobile,SAMSUNG SM-G965U1 Build/R16NW
mobile|HTCD100LVWPP,mobile,HTCD100LVWPP
mobile|P01M,mobile,P01M
mobile|P00A,mobile,P00A
mobile|LG-V522,mobile,LG-V522
mobile|SAMSUNG-SM-G900A Build/KOT49H,mobile,SAMSUNG-SM-G900A Build/KOT49H
mobile|SM-T380,mobile,SM-T380
mobile|RNE-L21 Build/HUAWEIRNE-L21,mobile,RNE-L21 Build/HUAWEIRNE-L21
mobile|HTCD200LVW,mobile,HTCD200LVW
mobile|SM-N950U Build/R16NW,mobile,SM-N950U Build/R16NW
desktop|Moto E (4) Build/NDQS26.69-64-2,desktop,Moto E (4) Build/NDQS26.69-64-2
mobile|SM-P600,mobile,SM-P600
mobile|B1-750,mobile,B1-750
mobile|GT-S7582L,mobile,GT-S7582L
mobile|LG-H820,mobile,LG-H820
mobile|SAMSUNG-SM-T377A,mobile,SAMSUNG-SM-T377A
mobile|SM-T587P,mobile,SM-T587P
mobile|Z557BL,mobile,Z557BL
mobile|SGP511,mobile,SGP511
mobile|F3111 Build/33.3.A.1.115,mobile,F3111 Build/33.3.A.1.115
mobile|A577VL,mobile,A577VL
mobile|SM-G960U Build/R16NW,mobile,SM-G960U Build/R16NW
mobile|HTC_One,mobile,HTC_One
desktop|Android 5.1.1,desktop,Android 5.1.1
mobile|vivo,mobile,vivo
mobile|SM-G955F Build/R16NW,mobile,SM-G955F Build/R16NW
desktop|es-us,desktop,es-us
desktop|D2306,desktop,D2306
mobile|SM-G925R4,mobile,SM-G925R4
mobile|ZA990,mobile,ZA990
mobile|4009F,mobile,4009F
mobile|WAS-LX2J,mobile,WAS-LX2J
mobile|SAMSUNG SM-J250M Build/NMF26X,mobile,SAMSUNG SM-J250M Build/NMF26X
mobile|Z,mobile,Z
mobile|WAS-LX1 Build/HUAWEIWAS-LX1,mobile,WAS-LX1 Build/HUAWEIWAS-LX1
mobile|GT-N5110 Build/JDQ39,mobile,GT-N5110 Build/JDQ39
mobile|Pixel Build/OPM2.171019.029,mobile,Pixel Build/OPM2.171019.029
mobile|Pixel 2 XL Build/OPM2.171019.029,mobile,Pixel 2 XL Build/OPM2.171019.029
mobile|SM-G901F,mobile,SM-G901F
mobile|SAMSUNG-SM-G920AZ,mobile,SAMSUNG-SM-G920AZ
mobile|SAMSUNG SM-G960U Build/R16NW,mobile,SAMSUNG SM-G960U Build/R16NW
mobile|SM-G9650 Build/R16NW,mobile,SM-G9650 Build/R16NW
mobile|Dream,mobile,Dream
mobile|LGMS395,mobile,LGMS395
mobile|Moto C Build/NRD90M.070,mobile,Moto C Build/NRD90M.070
mobile|SM-G965F Build/R16NW,mobile,SM-G965F Build/R16NW
mobile|SM-G930P,mobile,SM-G930P
desktop|KFFOWI Build/LVY48F,desktop,KFFOWI Build/LVY48F
mobile|SM-A730F Build/NMF26X,mobile,SM-A730F Build/NMF26X
mobile|A463BG,mobile,A463BG
mobile|GT-I8190N,mobile,GT-I8190N
mobile|F80'S+,mobile,F80'S+
mobile|47418,mobile,47418
mobile|Moto G Play Build/NPIS26.48-36-5,mobile,Moto G Play Build/NPIS26.48-36-5
mobile|E6683,mobile,E6683
mobile|rv:61.0,mobile,rv:61.0
mobile|6055B,mobile,6055B
mobile|C6603,mobile,C6603
mobile|Redmi Note 5A Build/N2G47H,mobile,Redmi Note 5A Build/N2G47H
mobile|SMART,mobile,SMART
mobile|Kylin,mobile,Kylin
mobile|SM-J510MN Build/NMF26X,mobile,SM-J510MN Build/NMF26X
mobile|AM508,mobile,AM508
desktop|rv:33.0,desktop,rv:33.0
mobile|SAMSUNG-SM-J727AZ,mobile,SAMSUNG-SM-J727AZ
mobile|SAMSUNG SM-G935W8 Build/NRD90M,mobile,SAMSUNG SM-G935W8 Build/NRD90M
mobile|SM-G361F,mobile,SM-G361F
mobile|SM-P355M,mobile,SM-P355M
mobile|DASH,mobile,DASH
mobile|TA-1038 Build/O00623,mobile,TA-1038 Build/O00623
desktop|Moto G (5) Plus Build/NPNS25.137-92-8,desktop,Moto G (5) Plus Build/NPNS25.137-92-8
mobile|SM-G960F Build/R16NW,mobile,SM-G960F Build/R16NW
mobile|G3313 Build/43.0.A.7.25,mobile,G3313 Build/43.0.A.7.25
mobile|ASUS_X00ID,mobile,ASUS_X00ID
mobile|LG-LG870,mobile,LG-LG870
mobile|LG-M200 Build/NRD90U,mobile,LG-M200 Build/NRD90U
mobile|SP7731G,mobile,SP7731G
mobile|Alumini3 Build/MRA58K,mobile,Alumini3 Build/MRA58K
mobile|SAMSUNG SM-G892A Build/R16NW,mobile,SAMSUNG SM-G892A Build/R16NW
mobile|Alcatel,mobile,Alcatel
mobile|SM-N910T Build/LMY47X,mobile,SM-N910T Build/LMY47X
mobile|SM-N950U1 Build/R16NW,mobile,SM-N950U1 Build/R16NW
mobile|BND-L34,mobile,BND-L34
mobile|SAMSUNG SM-N950U1 Build/R16NW,mobile,SAMSUNG SM-N950U1 Build/R16NW
mobile|HTC_One_M8/4.28.502.2,mobile,HTC_One_M8/4.28.502.2
mobile|SM-G570F,mobile,SM-G570F
mobile|SM-J120M,mobile,SM-J120M
mobile|Hisense E51 Build/LMY47V,mobile,Hisense E51 Build/LMY47V
desktop|SM-N910T Build/LMY47X,desktop,SM-N910T Build/LMY47X
mobile|T08,mobile,T08
desktop|SGH-I747M,desktop,SGH-I747M
mobile|SM-J700T1,mobile,SM-J700T1
mobile|SAMSUNG SM-G9650 Build/R16NW,mobile,SAMSUNG SM-G9650 Build/R16NW
mobile|BV8000Pro,mobile,BV8000Pro
desktop|SAMSUNG SM-J120H Build/LMY47V,desktop,SAMSUNG SM-J120H Build/LMY47V
mobile|ASUS_Z01BDC,mobile,ASUS_Z01BDC
mobile|SM-T810,mobile,SM-T810
mobile|E5306,mobile,E5306
mobile|Moto G (5) Plus Build/NPNS25.137-93-8,mobile,Moto G (5) Plus Build/NPNS25.137-93-8
mobile|G3123 Build/40.0.A.6.175,mobile,G3123 Build/40.0.A.6.175
mobile|SM-G615F,mobile,SM-G615F
mobile|ASUS_X018D,mobile,ASUS_X018D
mobile|LG-H933,mobile,LG-H933
mobile|MTT,mobile,MTT
mobile|SAMSUNG SM-G965U Build/R16NW,mobile,SAMSUNG SM-G965U Build/R16NW
mobile|F5122,mobile,F5122
mobile|SAMSUNG SM-G965F Build/R16NW,mobile,SAMSUNG SM-G965F Build/R16NW
mobile|Techpad,mobile,Techpad
desktop|SAMSUNG SM-J320FN Build/LMY47V,desktop,SAMSUNG SM-J320FN Build/LMY47V
mobile|Fusion5_u7,mobile,Fusion5_u7
mobile|VS425,mobile,VS425
mobile|R2,mobile,R2
desktop|Lenovo,desktop,Lenovo
desktop|Lenovo TB3-710I Build/LMY47I,desktop,Lenovo TB3-710I Build/LMY47I
mobile|SM-G955W,mobile,SM-G955W
desktop|PULP 4G Build/LMY47V,desktop,PULP 4G Build/LMY47V
desktop|X78,desktop,X78
desktop|GT-I8190L Build/JZO54K,desktop,GT-I8190L Build/JZO54K
desktop|SM-A710M Build/LMY47X,desktop,SM-A710M Build/LMY47X
mobile|ASUS_X00HD Build/NMF26F,mobile,ASUS_X00HD Build/NMF26F
mobile|AX821 Build/MRA58K,mobile,AX821 Build/MRA58K
desktop|ALCATEL,desktop,ALCATEL
desktop|LG-X180g Build/LMY47I,desktop,LG-X180g Build/LMY47I
desktop|LenovoA3300-GV Build/JDQ39,desktop,LenovoA3300-GV Build/JDQ39
mobile|Aquaris X Build/NMF26F,mobile,Aquaris X Build/NMF26F
mobile|SM-J700F,mobile,SM-J700F
mobile|LG-V410/V41020c,mobile,LG-V410/V41020c
mobile|BLADE V8Q Build/N2G47H,mobile,BLADE V8Q Build/N2G47H
desktop|XT1003,desktop,XT1003
desktop|HUAWEI CUN-L03 Build/HUAWEICUN-L03,desktop,HUAWEI CUN-L03 Build/HUAWEICUN-L03
desktop|D5503,desktop,D5503
mobile|moto x4 Build/OPWS27.57-40-14,mobile,moto x4 Build/OPWS27.57-40-14
mobile|Build/OPM1.171019.011,mobile,Build/OPM1.171019.011
mobile|DOMOS,mobile,DOMOS
desktop|LG-D331 Build/LRX22G,desktop,LG-D331 Build/LRX22G
desktop|HUAWEI,desktop,HUAWEI
desktop|Moto G (5) Build/NPPS25.137-93-8,desktop,Moto G (5) Build/NPPS25.137-93-8
desktop|LG-D855,desktop,LG-D855
desktop|Lenovo TB3-710F Build/LRX21M,desktop,Lenovo TB3-710F Build/LRX21M
mobile|UL40,mobile,UL40
desktop|SGH-M919V,desktop,SGH-M919V
desktop|LGMS631,desktop,LGMS631
desktop|ONE TOUCH 4016A Build/JDQ39,desktop,ONE TOUCH 4016A Build/JDQ39
desktop|SM-A300M Build/KTU84P,desktop,SM-A300M Build/KTU84P
mobile|F8332,mobile,F8332
mobile|EML-L29 Build/HUAWEIEML-L29,mobile,EML-L29 Build/HUAWEIEML-L29
desktop|SM-A500M Build/KTU84P,desktop,SM-A500M Build/KTU84P
mobile|SM-G892A,mobile,SM-G892A
desktop|Northwell,desktop,Northwell
mobile|Hisense F24 Build/NRD90M,mobile,Hisense F24 Build/NRD90M
desktop|8050G Build/LMY47I,desktop,8050G Build/LMY47I
desktop|LG-K410 Build/LRX22G,desktop,LG-K410 Build/LRX22G
desktop|SM-J105B Build/LMY47V,desktop,SM-J105B Build/LMY47V
desktop|Blade L5 Build/LMY47I,desktop,Blade L5 Build/LMY47I
desktop|R831L,desktop,R831L
desktop|moto g(6) play Build/OPP27.61-14-4,desktop,moto g(6) play Build/OPP27.61-14-4
desktop|S57 Build/KTU84P,desktop,S57 Build/KTU84P
desktop|SM-T310 Build/KOT49H,desktop,SM-T310 Build/KOT49H
mobile|TA-1032,mobile,TA-1032
mobile|F5121 Build/34.4.A.2.19,mobile,F5121 Build/34.4.A.2.19
mobile|SM-G950U1 Build/R16NW,mobile,SM-G950U1 Build/R16NW
mobile|MotoG3-TE Build/MPD24.65-33,mobile,MotoG3-TE Build/MPD24.65-33
mobile|HTC_Desire_820,mobile,HTC_Desire_820
mobile|ASUS_A001,mobile,ASUS_A001
mobile|TA-1028 Build/O00623,mobile,TA-1028 Build/O00623
mobile|AX1060,mobile,AX1060
mobile|CLT-L09,mobile,CLT-L09
mobile|SM-P550,mobile,SM-P550
mobile|Build/KOT49H,mobile,Build/KOT49H
mobile|Moto G (4) Build/NPJS25.93-14-15,mobile,Moto G (4) Build/NPJS25.93-14-15
mobile|A0001,mobile,A0001
mobile|XT1710-02 Build/NDSS26.118-23-19-6,mobile,XT1710-02 Build/NDSS26.118-23-19-6
mobile|Moto G (5) Build/NPPS25.137-93-4,mobile,Moto G (5) Build/NPPS25.137-93-4
mobile|SAMSUNG SM-A710M Build/NRD90M,mobile,SAMSUNG SM-A710M Build/NRD90M
mobile|SAMSUNG SM-G950U1 Build/R16NW,mobile,SAMSUNG SM-G950U1 Build/R16NW
mobile|AKUS,mobile,AKUS
mobile|N9560 Build/NMF26F,mobile,N9560 Build/NMF26F
mobile|Shift Build/LMY47I,mobile,Shift Build/LMY47I
mobile|SM-T670,mobile,SM-T670
mobile|verykoolS5530 Build/LMY47I,mobile,verykoolS5530 Build/LMY47I
mobile|verykoolS5005,mobile,verykoolS5005
mobile|Moto G (5) Plus Build/NPNS25.137-92-8,mobile,Moto G (5) Plus Build/NPNS25.137-92-8
mobile|A3-A20,mobile,A3-A20
mobile|SM-G850M,mobile,SM-G850M
mobile|E501,mobile,E501
mobile|verykoolS5524,mobile,verykoolS5524
mobile|6037B,mobile,6037B
mobile|Pixel Build/OPM4.171019.016.B1,mobile,Pixel Build/OPM4.171019.016.B1
mobile|SM-G920P,mobile,SM-G920P
mobile|E6790TM,mobile,E6790TM
mobile|CPH1607,mobile,CPH1607
mobile|SM-G920T,mobile,SM-G920T
mobile|Moto G (5) Plus Build/NPNS25.137-92-10,mobile,Moto G (5) Plus Build/NPNS25.137-92-10
mobile|LG-K350,mobile,LG-K350
mobile|Bolt,mobile,Bolt
mobile|LG-D373,mobile,LG-D373
mobile|5044A,mobile,5044A
mobile|SM-J700T Build/MMB29K,mobile,SM-J700T Build/MMB29K
mobile|Pixel 2 XL Build/OPM2.171019.029.B1,mobile,Pixel 2 XL Build/OPM2.171019.029.B1
mobile|Moto G (5) Build/NPPS25.137-93-8,mobile,Moto G (5) Build/NPPS25.137-93-8
mobile|SM-G530T1,mobile,SM-G530T1
mobile|TA-1025 Build/OPR1.170623.026,mobile,TA-1025 Build/OPR1.170623.026
mobile|S471,mobile,S471
mobile|ONEPLUS A5010 Build/OPM1.171019.011,mobile,ONEPLUS A5010 Build/OPM1.171019.011
mobile|Moto G (4) Build/NPJS25.93-14-18,mobile,Moto G (4) Build/NPJS25.93-14-18
mobile|GT-S7582,mobile,GT-S7582
mobile|SM-G900FD,mobile,SM-G900FD
mobile|XT1609 Build/NPIS26.48-38-3,mobile,XT1609 Build/NPIS26.48-38-3
mobile|ZA509,mobile,ZA509
mobile|FEVER,mobile,FEVER
mobile|XT1563 Build/MPD24.65-25,mobile,XT1563 Build/MPD24.65-25
mobile|SM-T330,mobile,SM-T330
mobile|SM-J250M Build/NMF26X,mobile,SM-J250M Build/NMF26X
mobile|Alumini3Plus,mobile,Alumini3Plus
mobile|SM-N950F Build/R16NW,mobile,SM-N950F Build/R16NW
mobile|SAMSUNG SM-G930F/XXU2DRC1 Build/NRD90M,mobile,SAMSUNG SM-G930F/XXU2DRC1 Build/NRD90M
mobile|Moto E (4) Plus Build/NMA26.42-142,mobile,Moto E (4) Plus Build/NMA26.42-142
mobile|Redmi Note 4X Build/MRA58K,mobile,Redmi Note 4X Build/MRA58K
mobile|Hisense F8 MINI Build/NRD90M,mobile,Hisense F8 MINI Build/NRD90M
mobile|Moto G (5) Plus Build/NPNS25.137-92-4,mobile,Moto G (5) Plus Build/NPNS25.137-92-4
mobile|H3321,mobile,H3321
mobile|STUDIO_G_HD,mobile,STUDIO_G_HD
mobile|Azumi_KINZO_A5_QL,mobile,Azumi_KINZO_A5_QL
mobile|moto g(6) play Build/OPP27.61-14-4,mobile,moto g(6) play Build/OPP27.61-14-4
mobile|X78,mobile,X78
mobile|Android 7.1.2,mobile,Android 7.1.2
mobile|Y550-L02,mobile,Y550-L02
mobile|LS5,mobile,LS5
mobile|SM-J120W,mobile,SM-J120W
mobile|7_Plus,mobile,7_Plus
mobile|Moto G (5) Build/NPP25.137-33,mobile,Moto G (5) Build/NPP25.137-33
mobile|SM-J7108,mobile,SM-J7108
mobile|SAMSUNG SM-N910V Build/MMB29M,mobile,SAMSUNG SM-N910V Build/MMB29M
mobile|Moto E (4) Build/NDQS26.69-64-2,mobile,Moto E (4) Build/NDQS26.69-64-2
mobile|ANE-LX3 Build/HUAWEIANE-LX3,mobile,ANE-LX3 Build/HUAWEIANE-LX3
mobile|SAMSUNG SM-G955F Build/R16NW,mobile,SAMSUNG SM-G955F Build/R16NW
mobile|YOLO,mobile,YOLO
mobile|Z812,mobile,Z812
mobile|RNE-L23 Build/HUAWEIRNE-L23,mobile,RNE-L23 Build/HUAWEIRNE-L23
mobile|GT-N8010,mobile,GT-N8010
mobile|SGP611,mobile,SGP611
mobile|GT-I9506,mobile,GT-I9506
mobile|Z965 Build/NMF26V,mobile,Z965 Build/NMF26V
mobile|D2406,mobile,D2406
mobile|SAMSUNG SM-J327AZ Build/NRD90M,mobile,SAMSUNG SM-J327AZ Build/NRD90M
mobile|Moto E (4) Plus Build/NMA26.42-152,mobile,Moto E (4) Plus Build/NMA26.42-152
mobile|Pixel XL Build/OPM4.171019.016.B1,mobile,Pixel XL Build/OPM4.171019.016.B1
mobile|ORION,mobile,ORION
mobile|Nexus 5X Build/OPR4.170623.006,mobile,Nexus 5X Build/OPR4.170623.006
mobile|CPH1723,mobile,CPH1723
mobile|SM-G955U1 Build/R16NW,mobile,SM-G955U1 Build/R16NW
mobile|RNE-L22 Build/HUAWEIRNE-L22,mobile,RNE-L22 Build/HUAWEIRNE-L22
mobile|IO,mobile,IO
mobile|ASUS_X008D Build/NRD90M,mobile,ASUS_X008D Build/NRD90M
mobile|XT1635-02 Build/OPN27.76-12-22,mobile,XT1635-02 Build/OPN27.76-12-22
mobile|SM-A520F Build/R16NW,mobile,SM-A520F Build/R16NW
mobile|G8142,mobile,G8142
mobile|G630-U251,mobile,G630-U251
mobile|LG-K212,mobile,LG-K212
mobile|LDN-LX3 Build/HUAWEILDN-LX3,mobile,LDN-LX3 Build/HUAWEILDN-LX3
mobile|Z955A,mobile,Z955A
mobile|LG-E975,mobile,LG-E975
