case_id,customer_id
CC-0001,C00259
CC-0002,C06403
CC-0003,C05876
CC-0004,C13440
CC-0005,C08945
CC-0006,C11227
CC-0007,C00732
CC-0008,C03667
CC-0009,C10112
CC-0010,C03246
CC-0011,C13259
CC-0012,C07220
CC-0013,C11464
CC-0014,C01002
CC-0015,C04597
CC-0016,C03575
CC-0017,C03651
CC-0018,C06800
CC-0019,C06208
CC-0020,C11082
CC-0021,C04265
CC-0022,C07847
CC-0023,C11309
CC-0024,C06059
CC-0025,C12311
CC-0026,C08842
CC-0027,C02999
CC-0028,C07741
CC-0029,C03277
CC-0030,C04762
CC-0031,C11923
CC-0032,C09289
CC-0033,C05704
CC-0034,C03880
CC-0035,C09196
CC-0036,C03738
CC-0037,C05996
CC-0038,C02717
CC-0039,C13061
CC-0040,C08675
CC-0041,C07648
CC-0042,C12094
CC-0043,C10164
CC-0044,C06147
CC-0045,C07212
CC-0046,C01579
CC-0047,C03108
CC-0048,C11309
CC-0049,C01638
CC-0050,C09221
CC-0051,C05976
CC-0052,C11595
CC-0053,C02000
CC-0054,C05736
CC-0055,C04248
CC-0056,C13171
CC-0057,C12598
CC-0058,C03412
CC-0059,C09165
CC-0060,C03348
CC-0061,C03699
CC-0062,C07867
CC-0063,C11000
CC-0064,C13005
CC-0065,C03839
CC-0066,C10167
CC-0067,C11844
CC-0068,C09076
CC-0069,C01471
CC-0070,C12166
CC-0071,C13372
CC-0072,C12111
CC-0073,C04597
CC-0074,C11496
CC-0075,C05385
CC-0076,C05289
CC-0077,C05385
CC-0078,C00978
CC-0079,C07149
CC-0080,C00938
CC-0081,C06940
CC-0082,C00621
CC-0083,C04201
CC-0084,C12900
CC-0085,C10585
CC-0086,C05307
CC-0087,C11031
CC-0088,C02477
CC-0089,C09354
CC-0090,C00854
CC-0091,C08913
CC-0092,C12517
CC-0093,C07073
CC-0094,C12987
CC-0095,C09301
CC-0096,C13001
CC-0097,C06988
CC-0098,C07508
CC-0099,C06348
CC-0100,C10326
CC-0101,C08075
CC-0102,C02573
CC-0103,C08860
CC-0104,C09933
CC-0105,C09908
CC-0106,C10308
CC-0107,C08945
CC-0108,C11539
CC-0109,C09885
CC-0110,C07855
CC-0111,C11965
CC-0112,C05263
CC-0113,C02575
CC-0114,C06655
CC-0115,C05245
CC-0116,C06532
CC-0117,C03409
CC-0118,C04108
CC-0119,C01981
CC-0120,C09612
CC-0121,C00750
CC-0122,C11919
CC-0123,C07196
CC-0124,C08460
CC-0125,C08466
CC-0126,C04346
CC-0127,C11513
CC-0128,C02891
CC-0129,C01982
CC-0130,C08474
CC-0131,C05029
CC-0132,C10127
CC-0133,C07936
CC-0134,C13036
CC-0135,C01521
CC-0136,C03341
CC-0137,C12982
CC-0138,C01058
CC-0139,C02480
CC-0140,C13440
CC-0141,C01347
CC-0142,C08087
CC-0143,C06121
CC-0144,C10553
CC-0145,C06224
CC-0146,C07870
CC-0147,C06549
CC-0148,C12103
CC-0149,C00967
CC-0150,C00728
CC-0151,C08913
CC-0152,C06942
CC-0153,C12961
CC-0154,C03277
CC-0155,C01984
CC-0156,C03040
CC-0157,C07648
CC-0158,C02309
CC-0159,C11944
CC-0160,C03080
CC-0161,C05362
CC-0162,C03108
CC-0163,C00614
CC-0164,C01966
CC-0165,C06208
CC-0166,C11227
CC-0167,C12897
CC-0168,C01138
CC-0169,C09791
CC-0170,C11332
CC-0171,C12111
CC-0172,C04105
CC-0173,C07686
CC-0174,C05309
CC-0175,C06605
CC-0176,C03278
CC-0177,C01155
CC-0178,C07981
CC-0179,C12223
CC-0180,C11597
CC-0181,C01040
CC-0182,C01179
CC-0183,C09612
CC-0184,C02716
CC-0185,C11595
CC-0186,C09800
CC-0187,C10308
CC-0188,C04965
CC-0189,C03787
CC-0190,C11642
CC-0191,C12144
CC-0192,C09666
CC-0193,C03738
CC-0194,C03651
CC-0195,C10040
CC-0196,C02065
CC-0197,C04248
CC-0198,C02245
CC-0199,C11597
CC-0200,C02902
CC-0201,C08450
CC-0202,C01486
CC-0203,C11709
CC-0204,C07220
CC-0205,C06764
CC-0206,C04597
CC-0207,C10930
CC-0208,C04134
CC-0209,C05704
CC-0210,C06942
CC-0211,C11509
CC-0212,C01116
CC-0213,C12982
CC-0214,C04348
CC-0215,C01119
CC-0216,C05689
CC-0217,C00777
CC-0218,C11919
CC-0219,C11898
CC-0220,C02897
CC-0221,C02231
CC-0222,C02776
CC-0223,C06630
CC-0224,C01887
CC-0225,C07743
CC-0226,C02250
CC-0227,C07204
CC-0228,C06464
CC-0229,C00273
CC-0230,C00426
CC-0231,C08460
CC-0232,C07993
CC-0233,C06962
CC-0234,C12542
CC-0235,C09146
CC-0236,C02573
CC-0237,C05359
CC-0238,C07508
CC-0239,C13364
CC-0240,C09354
CC-0241,C11092
CC-0242,C01982
CC-0243,C00952
CC-0244,C01377
CC-0245,C01175
CC-0246,C03168
CC-0247,C02545
CC-0248,C03405
CC-0249,C01909
CC-0250,C08381
CC-0251,C06168
CC-0252,C05423
CC-0253,C11958
CC-0254,C09241
CC-0255,C02354
CC-0256,C06707
CC-0257,C02656
CC-0258,C04046
CC-0259,C11294
CC-0260,C06797
CC-0261,C01269
CC-0262,C09363
CC-0263,C05739
CC-0264,C02222
CC-0265,C11019
CC-0266,C06663
CC-0267,C06108
CC-0268,C12602
CC-0269,C08256
CC-0270,C07871
CC-0271,C11191
CC-0272,C02456
CC-0273,C09165
CC-0274,C05245
CC-0275,C10757
CC-0276,C12742
CC-0277,C01983
CC-0278,C13253
CC-0279,C03040
CC-0280,C10955
CC-0281,C10983
CC-0282,C03047
CC-0283,C11227
CC-0284,C13388
CC-0285,C08860
CC-0286,C07936
CC-0287,C05509
CC-0288,C08489
CC-0289,C05704
CC-0290,C11923
CC-0291,C06224
CC-0292,C03474
CC-0293,C04269
CC-0294,C00622
CC-0295,C03738
CC-0296,C10132
CC-0297,C03381
CC-0298,C05530
CC-0299,C08679
CC-0300,C11539
CC-0301,C07717
CC-0302,C03397
CC-0303,C07006
CC-0304,C08190
CC-0305,C12987
CC-0306,C12453
CC-0307,C06744
CC-0308,C09354
CC-0309,C08466
CC-0310,C04571
CC-0311,C06362
CC-0312,C11031
CC-0313,C07513
CC-0314,C10402
CC-0315,C01426
CC-0316,C03231
CC-0317,C11148
CC-0318,C11246
CC-0319,C13081
CC-0320,C12094
CC-0321,C01002
CC-0322,C04865
CC-0323,C11522
CC-0324,C13372
CC-0325,C11970
CC-0326,C10852
CC-0327,C07845
CC-0328,C02147
CC-0329,C11944
CC-0330,C00889
CC-0331,C09657
CC-0332,C10372
CC-0333,C04346
CC-0334,C11847
CC-0335,C13449
CC-0336,C02780
CC-0337,C02181
CC-0338,C02231
CC-0339,C08482
CC-0340,C07212
CC-0341,C00810
CC-0342,C12961
CC-0343,C01719
CC-0344,C08989
CC-0345,C10955
CC-0346,C10840
CC-0347,C02809
CC-0348,C03427
CC-0349,C03108
CC-0350,C09296
CC-0351,C01890
CC-0352,C12861
CC-0353,C00488
CC-0354,C11951
CC-0355,C06121
CC-0356,C07295
CC-0357,C11844
CC-0358,C01104
CC-0359,C03676
CC-0360,C08450
CC-0361,C02477
CC-0362,C08489
CC-0363,C09806
CC-0364,C01155
CC-0365,C06630
CC-0366,C02573
CC-0367,C09344
CC-0368,C00557
CC-0369,C11381
CC-0370,C12982
CC-0371,C04196
CC-0372,C11352
CC-0373,C11496
CC-0374,C07615
CC-0375,C07204
CC-0376,C07993
CC-0377,C03285
CC-0378,C02740
CC-0379,C02545
CC-0380,C11597
CC-0381,C05791
CC-0382,C08366
CC-0383,C05704
CC-0384,C03264
CC-0385,C11294
CC-0386,C11460
CC-0387,C00854
CC-0388,C11173
CC-0389,C03360
CC-0390,C04965
CC-0391,C08860
CC-0392,C12680
CC-0393,C09521
CC-0394,C02231
CC-0395,C08913
CC-0396,C02842
CC-0397,C05263
CC-0398,C05245
CC-0399,C05031
CC-0400,C00008
CC-0401,C07508
CC-0402,C00488
CC-0403,C12966
CC-0404,C11509
CC-0405,C02354
CC-0406,C09872
CC-0407,C02480
CC-0408,C10032
CC-0409,C03341
CC-0410,C12961
CC-0411,C12900
CC-0412,C02715
CC-0413,C03341
CC-0414,C07073
CC-0415,C02902
CC-0416,C00938
CC-0417,C09354
CC-0418,C11787
CC-0419,C03898
CC-0420,C05942
CC-0421,C09301
CC-0422,C11082
CC-0423,C05704
CC-0424,C07981
CC-0425,C02250
CC-0426,C09579
CC-0427,C01966
CC-0428,C05504
CC-0429,C08962
CC-0430,C07703
CC-0431,C00728
CC-0432,C06324
CC-0433,C06872
CC-0434,C01525
CC-0435,C12656
CC-0436,C10568
CC-0437,C07855
CC-0438,C01521
CC-0439,C11915
CC-0440,C02181
CC-0441,C02882
CC-0442,C09868
CC-0443,C09286
CC-0444,C06655
CC-0445,C00477
CC-0446,C00426
CC-0447,C10955
CC-0448,C06299
CC-0449,C10519
CC-0450,C03575
CC-0451,C02279
CC-0452,C11000
CC-0453,C09657
CC-0454,C02354
CC-0455,C11709
CC-0456,C06962
CC-0457,C03992
CC-0458,C04571
CC-0459,C02250
CC-0460,C13440
CC-0461,C13527
CC-0462,C04108
CC-0463,C04034
CC-0464,C02231
CC-0465,C02320
CC-0466,C13081
CC-0467,C13171
CC-0468,C08917
CC-0469,C06744
CC-0470,C10139
CC-0471,C00796
CC-0472,C11958
CC-0473,C03019
CC-0474,C09206
CC-0475,C06224
CC-0476,C07338
CC-0477,C07741
CC-0478,C01719
CC-0479,C03465
CC-0480,C00750
CC-0481,C12641
CC-0482,C11844
CC-0483,C06257
CC-0484,C05302
CC-0485,C08161
CC-0486,C03933
CC-0487,C06210
CC-0488,C00889
CC-0489,C06464
CC-0490,C09363
CC-0491,C11539
CC-0492,C12703
CC-0493,C04709
CC-0494,C09471
CC-0495,C05245
CC-0496,C07562
CC-0497,C09791
CC-0498,C11309
CC-0499,C06026
CC-0500,C12861
CC-0501,C06549
CC-0502,C02882
CC-0503,C06906
CC-0504,C04046
CC-0505,C13410
CC-0506,C01521
CC-0507,C12258
CC-0508,C02740
CC-0509,C03427
CC-0510,C05704
CC-0511,C07847
CC-0512,C07867
CC-0513,C12011
CC-0514,C03019
CC-0515,C01119
CC-0516,C10273
CC-0517,C08947
CC-0518,C08831
CC-0519,C03278
CC-0520,C11597
CC-0521,C12094
CC-0522,C05986
CC-0523,C08489
CC-0524,C10010
CC-0525,C00076
CC-0526,C01954
CC-0527,C10585
CC-0528,C13447
CC-0529,C00329
CC-0530,C11865
CC-0531,C10837
CC-0532,C11031
CC-0533,C06855
CC-0534,C11001
CC-0535,C00294
CC-0536,C12598
CC-0537,C11970
CC-0538,C02780
CC-0539,C12166
CC-0540,C03360
CC-0541,C06630
CC-0542,C05307
CC-0543,C03550
CC-0544,C10955
CC-0545,C04346
CC-0546,C13450
CC-0547,C11919
CC-0548,C09241
CC-0549,C01846
CC-0550,C01864
CC-0551,C07841
CC-0552,C07981
CC-0553,C07981
CC-0554,C01721
CC-0555,C13058
CC-0556,C02708
CC-0557,C11000
CC-0558,C02971
CC-0559,C09274
CC-0560,C11509
CC-0561,C09259
CC-0562,C11352
CC-0563,C11859
CC-0564,C13249
CC-0565,C05203
CC-0566,C06658
CC-0567,C03517
CC-0568,C02740
CC-0569,C02902
CC-0570,C12942
CC-0571,C02589
CC-0572,C01856
CC-0573,C00912
CC-0574,C08587
CC-0575,C03999
CC-0576,C00259
CC-0577,C03558
CC-0578,C02716
CC-0579,C13372
CC-0580,C05797
CC-0581,C01656
CC-0582,C01226
CC-0583,C11916
CC-0584,C07855
CC-0585,C08994
CC-0586,C04269
CC-0587,C11416
CC-0588,C10308
CC-0589,C01987
CC-0590,C03285
CC-0591,C00750
CC-0592,C05678
CC-0593,C11709
CC-0594,C10266
CC-0595,C04865
CC-0596,C01333
CC-0597,C05289
CC-0598,C07990
CC-0599,C06166
CC-0600,C01435
CC-0601,C06031
CC-0602,C08614
CC-0603,C09791
CC-0604,C12897
CC-0605,C06728
CC-0606,C11637
CC-0607,C08945
CC-0608,C10422
CC-0609,C02466
CC-0610,C04146
CC-0611,C07149
CC-0612,C11702
CC-0613,C00889
CC-0614,C12111
CC-0615,C03042
CC-0616,C04650
CC-0617,C09443
CC-0618,C03575
CC-0619,C07336
CC-0620,C11798
CC-0621,C03066
CC-0622,C03288
CC-0623,C08450
CC-0624,C00051
CC-0625,C04248
CC-0626,C06220
CC-0627,C05977
CC-0628,C01116
CC-0629,C02444
CC-0630,C05128
CC-0631,C02354
CC-0632,C07513
CC-0633,C02250
CC-0634,C11061
CC-0635,C03231
CC-0636,C09800
CC-0637,C07164
CC-0638,C05410
CC-0639,C01104
CC-0640,C12132
CC-0641,C01922
CC-0642,C06006
CC-0643,C04046
CC-0644,C06403
CC-0645,C00768
CC-0646,C11958
CC-0647,C01123
CC-0648,C00094
CC-0649,C04549
CC-0650,C08746
CC-0651,C00978
CC-0652,C12681
CC-0653,C01109
CC-0654,C03843
CC-0655,C13410
CC-0656,C06362
CC-0657,C09933
CC-0658,C03184
CC-0659,C10632
CC-0660,C04072
CC-0661,C03040
CC-0662,C01138
CC-0663,C12094
CC-0664,C13389
CC-0665,C02814
CC-0666,C05753
CC-0667,C10585
CC-0668,C06464
CC-0669,C10766
CC-0670,C02182
CC-0671,C01525
CC-0672,C08707
CC-0673,C00725
CC-0674,C07957
CC-0675,C07901
CC-0676,C06341
CC-0677,C10933
CC-0678,C04024
CC-0679,C00094
CC-0680,C12007
CC-0681,C00534
CC-0682,C13037
CC-0683,C01182
CC-0684,C09586
CC-0685,C07870
CC-0686,C04775
CC-0687,C01529
CC-0688,C09354
CC-0689,C08797
CC-0690,C09666
CC-0691,C00750
CC-0692,C03271
CC-0693,C02545
CC-0694,C13440
CC-0695,C11000
CC-0696,C08106
CC-0697,C06630
CC-0698,C03278
CC-0699,C11558
CC-0700,C05381
CC-0701,C12448
CC-0702,C09908
CC-0703,C06962
CC-0704,C10568
CC-0705,C07212
CC-0706,C13364
CC-0707,C11413
CC-0708,C10164
CC-0709,C02921
CC-0710,C07311
CC-0711,C11309
CC-0712,C13372
CC-0713,C11807
CC-0714,C06598
CC-0715,C02181
CC-0716,C02231
CC-0717,C02999
CC-0718,C12861
CC-0719,C07204
CC-0720,C00854
CC-0721,C11496
CC-0722,C09043
CC-0723,C01727
CC-0724,C00294
CC-0725,C07997
CC-0726,C07452
CC-0727,C12476
CC-0728,C03341
CC-0729,C11187
CC-0730,C00426
CC-0731,C10799
CC-0732,C05704
CC-0733,C12591
CC-0734,C10024
CC-0735,C01578
CC-0736,C09666
CC-0737,C05684
CC-0738,C06744
CC-0739,C04446
CC-0740,C09246
CC-0741,C07050
CC-0742,C00768
CC-0743,C12626
CC-0744,C01909
CC-0745,C05753
CC-0746,C03285
CC-0747,C13190
CC-0748,C00983
CC-0749,C11919
CC-0750,C11509
CC-0751,C10308
CC-0752,C08450
CC-0753,C05245
CC-0754,C10137
CC-0755,C11597
CC-0756,C09554
CC-0757,C11529
CC-0758,C12250
CC-0759,C10266
CC-0760,C11855
CC-0761,C01953
CC-0762,C07867
CC-0763,C01782
CC-0764,C11031
CC-0765,C09933
CC-0766,C09301
CC-0767,C02902
CC-0768,C13139
CC-0769,C10320
CC-0770,C06420
CC-0771,C09241
CC-0772,C13171
CC-0773,C05127
CC-0774,C01116
CC-0775,C09314
CC-0776,C11852
CC-0777,C11055
CC-0778,C01881
CC-0779,C12942
CC-0780,C07518
CC-0781,C11269
CC-0782,C12982
CC-0783,C08424
CC-0784,C05307
CC-0785,C03047
CC-0786,C10771
CC-0787,C00649
CC-0788,C07341
CC-0789,C12420
CC-0790,C02214
CC-0791,C02749
CC-0792,C07360
CC-0793,C09471
CC-0794,C10149
CC-0795,C09872
CC-0796,C01333
CC-0797,C02266
CC-0798,C02082
CC-0799,C11343
CC-0800,C07220
CC-0801,C10760
CC-0802,C10459
CC-0803,C04435
CC-0804,C12680
CC-0805,C09800
CC-0806,C13249
CC-0807,C08374
CC-0808,C05302
CC-0809,C07910
CC-0810,C12517
CC-0811,C11958
CC-0812,C11294
CC-0813,C00854
CC-0814,C05175
CC-0815,C06220
CC-0816,C02780
CC-0817,C06265
CC-0818,C08637
CC-0819,C02436
CC-0820,C11944
CC-0821,C10364
CC-0822,C10127
CC-0823,C02342
CC-0824,C12900
CC-0825,C08489
CC-0826,C11873
CC-0827,C08593
CC-0828,C11237
CC-0829,C04597
CC-0830,C09868
CC-0831,C07847
CC-0832,C07957
CC-0833,C10998
CC-0834,C04361
CC-0835,C11143
CC-0836,C13019
CC-0837,C08190
CC-0838,C10955
CC-0839,C04726
CC-0840,C11159
CC-0841,C00331
CC-0842,C04248
CC-0843,C11298
CC-0844,C08348
CC-0845,C00306
CC-0846,C06511
CC-0847,C06682
CC-0848,C07223
CC-0849,C03095
CC-0850,C06121
CC-0851,C02646
CC-0852,C10986
CC-0853,C10026
CC-0854,C08989
CC-0855,C01525
CC-0856,C11397
CC-0857,C12961
CC-0858,C06403
CC-0859,C09508
CC-0860,C03285
CC-0861,C10264
CC-0862,C01104
CC-0863,C00409
CC-0864,C09468
CC-0865,C02456
CC-0866,C05472
CC-0867,C01154
CC-0868,C02809
CC-0869,C08662
CC-0870,C13007
CC-0871,C11730
CC-0872,C11792
CC-0873,C10434
CC-0874,C08894
CC-0875,C08014
CC-0876,C08281
CC-0877,C07878
CC-0878,C09420
CC-0879,C06228
CC-0880,C02205
CC-0881,C08072
CC-0882,C02566
CC-0883,C00259
CC-0884,C06026
CC-0885,C04759
CC-0886,C01569
CC-0887,C04840
CC-0888,C11190
CC-0889,C05061
CC-0890,C03467
CC-0891,C06940
CC-0892,C06190
CC-0893,C06663
CC-0894,C12061
CC-0895,C07638
CC-0896,C12002
CC-0897,C10364
CC-0898,C01563
CC-0899,C06837
CC-0900,C04968
CC-0901,C12276
CC-0902,C08269
CC-0903,C07102
CC-0904,C05551
CC-0905,C11080
CC-0906,C06677
CC-0907,C03252
CC-0908,C06320
CC-0909,C01482
CC-0910,C02387
CC-0911,C12900
CC-0912,C12920
CC-0913,C10957
CC-0914,C07686
CC-0915,C02883
CC-0916,C07204
CC-0917,C12267
CC-0918,C07096
CC-0919,C01983
CC-0920,C05192
CC-0921,C04277
CC-0922,C13190
CC-0923,C10224
CC-0924,C10715
CC-0925,C04741
CC-0926,C07227
CC-0927,C07925
CC-0928,C11509
CC-0929,C01823
CC-0930,C09363
CC-0931,C01244
CC-0932,C11000
CC-0933,C10507
CC-0934,C10871
CC-0935,C12991
CC-0936,C08190
CC-0937,C02472
CC-0938,C10485
CC-0939,C01408
CC-0940,C10215
CC-0941,C05230
CC-0942,C12517
CC-0943,C11444
CC-0944,C03231
CC-0945,C12971
CC-0946,C07171
CC-0947,C05303
CC-0948,C06855
CC-0949,C11323
CC-0950,C06988
CC-0951,C08845
CC-0952,C03750
CC-0953,C10615
CC-0954,C12738
CC-0955,C10849
CC-0956,C00019
CC-0957,C09882
CC-0958,C01755
CC-0959,C01119
CC-0960,C06744
CC-0961,C09800
CC-0962,C10883
CC-0963,C10755
CC-0964,C00844
CC-0965,C11164
CC-0966,C11543
CC-0967,C06331
CC-0968,C11413
CC-0969,C04172
CC-0970,C07826
CC-0971,C11065
CC-0972,C08315
CC-0973,C00790
CC-0974,C13005
CC-0975,C05307
CC-0976,C00294
CC-0977,C00235
CC-0978,C03786
CC-0979,C07698
CC-0980,C06962
CC-0981,C04125
CC-0982,C08918
CC-0983,C04928
CC-0984,C01196
CC-0985,C05533
CC-0986,C09583
CC-0987,C05992
CC-0988,C07311
CC-0989,C00750
CC-0990,C12028
CC-0991,C10760
CC-0992,C10924
CC-0993,C13147
CC-0994,C01403
CC-0995,C09063
CC-0996,C13086
CC-0997,C00583
CC-0998,C00952
CC-0999,C00557
CC-1000,C12889
CC-1001,C02800
CC-1002,C09241
CC-1003,C11844
CC-1004,C04537
CC-1005,C11309
CC-1006,C07919
CC-1007,C06906
CC-1008,C02121
CC-1009,C10585
CC-1010,C13447
CC-1011,C02545
CC-1012,C03363
CC-1013,C04134
CC-1014,C01301
CC-1015,C02716
CC-1016,C13067
CC-1017,C12942
CC-1018,C09806
CC-1019,C04754
CC-1020,C06215
CC-1021,C08256
CC-1022,C06708
CC-1023,C03278
CC-1024,C03770
CC-1025,C02055
CC-1026,C08831
CC-1027,C11513
CC-1028,C02177
CC-1029,C10026
CC-1030,C10553
CC-1031,C07685
CC-1032,C07761
CC-1033,C00768
CC-1034,C06224
CC-1035,C00466
CC-1036,C06001
CC-1037,C01063
CC-1038,C13364
CC-1039,C11000
CC-1040,C06373
CC-1041,C12947
CC-1042,C02188
CC-1043,C03341
CC-1044,C04710
CC-1045,C06420
CC-1046,C07149
CC-1047,C12913
CC-1048,C04117
CC-1049,C03485
CC-1050,C08438
CC-1051,C03539
CC-1052,C01392
CC-1053,C00299
CC-1054,C13492
CC-1055,C11496
CC-1056,C11923
CC-1057,C04077
CC-1058,C01744
CC-1059,C01347
CC-1060,C00887
CC-1061,C06147
CC-1062,C02756
CC-1063,C07212
CC-1064,C09657
CC-1065,C01137
CC-1066,C12382
CC-1067,C00450
CC-1068,C07338
CC-1069,C06630
CC-1070,C12309
CC-1071,C11539
CC-1072,C05155
CC-1073,C00329
CC-1074,C05245
CC-1075,C08943
CC-1076,C07646
CC-1077,C08302
CC-1078,C04346
CC-1079,C06694
CC-1080,C01119
CC-1081,C13175
CC-1082,C07513
CC-1083,C10502
CC-1084,C09092
CC-1085,C09848
CC-1086,C03066
CC-1087,C07791
CC-1088,C11444
CC-1089,C03360
CC-1090,C06996
CC-1091,C10305
CC-1092,C13332
CC-1093,C05423
CC-1094,C12942
CC-1095,C01730
CC-1096,C00263
CC-1097,C03872
CC-1098,C10164
CC-1099,C06663
CC-1100,C11586
CC-1101,C13086
CC-1102,C04108
CC-1103,C09274
CC-1104,C05307
CC-1105,C00796
CC-1106,C01855
CC-1107,C09681
CC-1108,C08662
CC-1109,C01961
CC-1110,C03146
CC-1111,C02627
CC-1112,C03303
CC-1113,C12961
CC-1114,C12417
CC-1115,C01500
CC-1116,C12897
CC-1117,C05600
CC-1118,C12063
CC-1119,C05467
CC-1120,C08190
CC-1121,C05097
CC-1122,C00997
CC-1123,C11429
CC-1124,C12930
CC-1125,C01109
CC-1126,C05398
CC-1127,C07130
CC-1128,C08363
CC-1129,C06024
CC-1130,C06343
CC-1131,C09055
CC-1132,C04729
CC-1133,C09354
CC-1134,C07870
CC-1135,C01614
CC-1136,C00854
CC-1137,C00178
CC-1138,C09902
CC-1139,C00294
CC-1140,C02456
CC-1141,C01521
CC-1142,C06630
CC-1143,C04533
CC-1144,C11143
CC-1145,C11031
CC-1146,C05689
CC-1147,C07220
CC-1148,C11227
CC-1149,C10455
CC-1150,C11958
CC-1151,C05485
CC-1152,C05192
CC-1153,C00952
CC-1154,C07638
CC-1155,C01909
CC-1156,C04865
CC-1157,C04537
CC-1158,C02809
CC-1159,C07841
CC-1160,C06121
CC-1161,C11807
CC-1162,C10346
CC-1163,C11533
CC-1164,C09663
CC-1165,C05853
CC-1166,C07981
CC-1167,C11041
CC-1168,C01935
CC-1169,C06464
CC-1170,C11595
CC-1171,C08489
CC-1172,C11294
CC-1173,C03285
CC-1174,C09394
CC-1175,C09365
CC-1176,C06947
CC-1177,C08646
CC-1178,C09246
CC-1179,C11458
CC-1180,C08723
CC-1181,C13364
CC-1182,C03136
CC-1183,C09823
CC-1184,C10690
CC-1185,C08850
CC-1186,C01138
CC-1187,C04893
CC-1188,C04437
CC-1189,C03218
CC-1190,C09445
CC-1191,C09855
CC-1192,C03363
CC-1193,C10559
CC-1194,C02573
CC-1195,C05381
CC-1196,C12532
CC-1197,C06059
CC-1198,C07073
CC-1199,C07708
CC-1200,C11919
CC-1201,C10343
CC-1202,C12707
CC-1203,C07784
CC-1204,C02949
CC-1205,C10574
CC-1206,C10757
CC-1207,C10010
CC-1208,C00777
CC-1209,C09742
CC-1210,C05560
CC-1211,C08541
CC-1212,C02285
CC-1213,C10476
CC-1214,C05791
CC-1215,C02545
CC-1216,C04046
CC-1217,C04034
CC-1218,C10114
CC-1219,C13372
CC-1220,C09294
CC-1221,C02716
CC-1222,C01618
CC-1223,C09359
CC-1224,C03433
CC-1225,C02902
CC-1226,C12900
CC-1227,C12203
CC-1228,C09933
CC-1229,C05029
CC-1230,C06669
CC-1231,C11496
CC-1232,C13241
CC-1233,C05479
CC-1234,C04775
CC-1235,C08962
CC-1236,C05772
CC-1237,C05245
CC-1238,C00942
CC-1239,C04134
CC-1240,C12450
CC-1241,C08391
CC-1242,C11847
CC-1243,C07855
CC-1244,C01797
CC-1245,C12987
CC-1246,C01966
CC-1247,C09490
CC-1248,C09720
CC-1249,C09927
CC-1250,C09365
CC-1251,C08140
CC-1252,C10957
CC-1253,C01982
CC-1254,C10999
CC-1255,C10955
CC-1256,C09301
CC-1257,C09241
CC-1258,C03278
CC-1259,C08186
CC-1260,C08347
CC-1261,C00532
CC-1262,C08222
CC-1263,C11309
CC-1264,C08965
CC-1265,C10016
CC-1266,C00450
CC-1267,C07247
CC-1268,C03125
CC-1269,C02477
CC-1270,C03019
CC-1271,C01116
CC-1272,C07253
CC-1273,C06663
CC-1274,C09683
CC-1275,C10837
CC-1276,C04105
CC-1277,C08011
CC-1278,C03427
CC-1279,C08918
CC-1280,C00353
CC-1281,C07741
CC-1282,C08841
CC-1283,C09687
CC-1284,C02949
CC-1285,C01755
CC-1286,C03773
CC-1287,C05826
CC-1288,C05307
CC-1289,C01155
CC-1290,C09251
CC-1291,C03714
CC-1292,C09471
CC-1293,C13171
CC-1294,C08943
CC-1295,C06897
CC-1296,C00294
CC-1297,C12094
CC-1298,C06940
CC-1299,C07646
CC-1300,C11597
CC-1301,C06362
CC-1302,C10422
CC-1303,C01155
CC-1304,C09026
CC-1305,C07686
CC-1306,C05770
CC-1307,C04046
CC-1308,C06630
CC-1309,C07648
CC-1310,C03656
CC-1311,C01534
CC-1312,C12897
CC-1313,C03042
CC-1314,C05467
CC-1315,C12982
CC-1316,C06079
CC-1317,C01115
CC-1318,C12111
CC-1319,C00952
CC-1320,C11704
CC-1321,C12758
CC-1322,C06851
CC-1323,C06240
CC-1324,C05106
CC-1325,C04313
CC-1326,C12748
CC-1327,C03295
CC-1328,C12517
CC-1329,C07867
CC-1330,C11227
CC-1331,C01040
CC-1332,C01119
CC-1333,C08372
CC-1334,C10364
CC-1335,C11642
CC-1336,C07687
CC-1337,C05551
CC-1338,C00750
CC-1339,C06420
CC-1340,C04068
CC-1341,C11919
CC-1342,C04571
CC-1343,C06728
CC-1344,C13521
CC-1345,C07919
CC-1346,C13388
CC-1347,C01377
CC-1348,C09363
CC-1349,C03066
CC-1350,C09354
CC-1351,C04715
CC-1352,C01828
CC-1353,C13432
CC-1354,C08489
CC-1355,C09149
CC-1356,C08269
CC-1357,C11000
CC-1358,C00259
CC-1359,C04307
CC-1360,C11554
CC-1361,C05116
CC-1362,C01599
CC-1363,C08040
CC-1364,C08483
CC-1365,C01721
CC-1366,C11143
CC-1367,C05381
CC-1368,C00889
CC-1369,C05127
CC-1370,C10578
CC-1371,C13249
CC-1372,C04346
CC-1373,C02716
CC-1374,C01812
CC-1375,C07678
CC-1376,C06744
CC-1377,C01513
CC-1378,C06835
CC-1379,C06464
CC-1380,C08611
CC-1381,C07729
CC-1382,C03278
CC-1383,C04570
CC-1384,C12717
CC-1385,C11509
CC-1386,C07256
CC-1387,C08646
CC-1388,C06059
CC-1389,C11092
CC-1390,C02147
CC-1391,C06084
CC-1392,C11458
CC-1393,C08971
CC-1394,C10639
CC-1395,C12942
CC-1396,C07655
CC-1397,C02193
CC-1398,C01365
CC-1399,C12517
CC-1400,C00466
CC-1401,C08962
CC-1402,C03657
CC-1403,C10526
CC-1404,C07648
CC-1405,C10837
CC-1406,C06855
CC-1407,C08831
CC-1408,C03418
CC-1409,C13227
CC-1410,C07743
CC-1411,C10421
CC-1412,C05289
CC-1413,C02250
CC-1414,C10745
CC-1415,C00426
CC-1416,C07694
CC-1417,C01542
CC-1418,C06362
CC-1419,C09651
CC-1420,C07614
CC-1421,C12680
CC-1422,C09918
CC-1423,C04505
CC-1424,C12754
CC-1425,C08662
CC-1426,C09471
CC-1427,C12103
CC-1428,C12987
CC-1429,C11307
CC-1430,C10426
CC-1431,C01494
CC-1432,C04306
CC-1433,C07185
CC-1434,C00805
CC-1435,C12793
CC-1436,C02999
CC-1437,C11958
CC-1438,C02480
CC-1439,C01521
CC-1440,C11375
CC-1441,C12397
CC-1442,C03786
CC-1443,C04798
CC-1444,C02170
CC-1445,C10519
CC-1446,C04117
CC-1447,C08232
CC-1448,C11597
CC-1449,C07761
CC-1450,C02354
CC-1451,C07220
CC-1452,C04125
CC-1453,C08945
CC-1454,C01155
CC-1455,C06906
CC-1456,C06403
CC-1457,C09491
CC-1458,C02545
CC-1459,C11629
CC-1460,C09301
CC-1461,C11919
CC-1462,C07480
CC-1463,C02883
CC-1464,C10037
CC-1465,C11539
CC-1466,C02000
CC-1467,C05996
CC-1468,C06026
CC-1469,C01209
CC-1470,C01116
CC-1471,C06121
CC-1472,C07513
CC-1473,C02245
CC-1474,C01755
CC-1475,C07671
CC-1476,C10158
CC-1477,C09800
CC-1478,C07221
CC-1479,C01618
CC-1480,C03647
CC-1481,C11958
CC-1482,C05423
CC-1483,C05155
CC-1484,C06650
CC-1485,C13147
CC-1486,C10526
CC-1487,C03231
CC-1488,C12736
CC-1489,C03040
CC-1490,C05454
CC-1491,C11309
CC-1492,C11444
CC-1493,C04762
CC-1494,C06605
CC-1495,C04597
CC-1496,C08842
CC-1497,C05595
CC-1498,C07212
CC-1499,C11339
CC-1500,C03575
CC-1501,C01727
CC-1502,C04072
CC-1503,C02181
CC-1504,C05307
CC-1505,C04361
CC-1506,C10421
CC-1507,C10585
CC-1508,C10165
CC-1509,C01799
CC-1510,C04865
CC-1511,C10164
CC-1512,C09354
CC-1513,C12585
CC-1514,C04034
CC-1515,C03263
CC-1516,C11490
CC-1517,C09363
CC-1518,C11294
CC-1519,C02285
CC-1520,C13407
CC-1521,C05906
CC-1522,C01688
CC-1523,C05490
CC-1524,C09933
CC-1525,C07809
CC-1526,C07638
CC-1527,C07925
CC-1528,C02477
CC-1529,C07508
CC-1530,C02667
CC-1531,C11704
CC-1532,C08374
CC-1533,C05234
CC-1534,C02502
CC-1535,C03218
CC-1536,C08489
CC-1537,C09241
CC-1538,C02147
CC-1539,C03714
CC-1540,C11844
CC-1541,C02250
CC-1542,C09533
CC-1543,C01138
CC-1544,C01040
CC-1545,C04488
CC-1546,C07761
CC-1547,C12900
CC-1548,C13447
CC-1549,C04984
CC-1550,C07936
CC-1551,C05958
CC-1552,C08831
CC-1553,C07646
CC-1554,C11065
CC-1555,C11201
CC-1556,C12061
CC-1557,C08834
CC-1558,C05797
CC-1559,C08288
CC-1560,C03702
CC-1561,C06588
CC-1562,C00854
CC-1563,C05530
CC-1564,C04105
CC-1565,C01328
CC-1566,C10559
CC-1567,C04350
CC-1568,C00466
CC-1569,C10837
CC-1570,C02480
CC-1571,C07220
CC-1572,C10957
CC-1573,C12987
CC-1574,C05245
CC-1575,C13449
CC-1576,C01155
CC-1577,C08646
CC-1578,C03234
CC-1579,C09165
CC-1580,C07518
CC-1581,C05678
CC-1582,C07027
CC-1583,C13440
CC-1584,C00296
CC-1585,C12111
CC-1586,C05307
CC-1587,C05560
CC-1588,C00768
CC-1589,C08623
CC-1590,C06464
CC-1591,C12036
CC-1592,C10421
CC-1593,C11597
CC-1594,C12897
CC-1595,C06947
CC-1596,C04571
CC-1597,C01166
CC-1598,C09471
CC-1599,C06247
CC-1600,C03598
CC-1601,C00405
CC-1602,C05303
CC-1603,C11247
CC-1604,C03341
CC-1605,C00280
CC-1606,C03488
CC-1607,C07050
CC-1608,C01890
CC-1609,C06942
CC-1610,C04034
CC-1611,C04597
CC-1612,C05192
CC-1613,C08374
CC-1614,C11807
CC-1615,C06005
CC-1616,C00728
CC-1617,C02902
CC-1618,C12680
CC-1619,C12966
CC-1620,C01109
CC-1621,C03360
CC-1622,C04108
CC-1623,C09260
CC-1624,C06962
CC-1625,C06728
CC-1626,C11053
CC-1627,C11522
CC-1628,C05689
CC-1629,C02477
CC-1630,C07073
CC-1631,C02545
CC-1632,C05174
CC-1633,C01224
CC-1634,C00667
CC-1635,C08597
CC-1636,C05243
CC-1637,C09664
CC-1638,C07871
CC-1639,C10553
CC-1640,C07855
CC-1641,C11847
CC-1642,C03019
CC-1643,C06630
CC-1644,C00329
CC-1645,C09582
CC-1646,C01040
CC-1647,C07872
CC-1648,C07867
CC-1649,C11595
CC-1650,C06598
CC-1651,C08831
CC-1652,C09899
CC-1653,C04537
CC-1654,C04965
CC-1655,C05467
CC-1656,C11919
CC-1657,C00956
CC-1658,C02897
CC-1659,C08290
CC-1660,C04248
CC-1661,C00426
CC-1662,C01122
CC-1663,C08391
CC-1664,C04361
CC-1665,C03047
CC-1666,C13440
CC-1667,C02147
CC-1668,C12987
CC-1669,C12517
CC-1670,C04984
CC-1671,C11143
CC-1672,C05551
CC-1673,C12382
CC-1674,C12166
CC-1675,C01178
CC-1676,C05747
CC-1677,C08727
CC-1678,C04196
CC-1679,C11329
CC-1680,C11855
CC-1681,C05600
CC-1682,C09933
CC-1683,C00259
CC-1684,C10962
CC-1685,C10127
CC-1686,C05029
CC-1687,C07448
CC-1688,C06742
CC-1689,C08587
CC-1690,C01155
CC-1691,C10114
CC-1692,C00405
CC-1693,C12785
CC-1694,C05423
CC-1695,C10364
CC-1696,C06956
CC-1697,C03575
CC-1698,C11871
CC-1699,C02354
CC-1700,C08646
CC-1701,C01525
CC-1702,C05487
CC-1703,C11000
CC-1704,C08605
CC-1705,C05985
CC-1706,C02205
CC-1707,C09471
CC-1708,C00466
CC-1709,C06067
CC-1710,C05585
CC-1711,C10634
CC-1712,C02231
CC-1713,C10852
CC-1714,C10010
CC-1715,C13171
CC-1716,C04105
CC-1717,C08909
CC-1718,C11554
CC-1719,C07256
CC-1720,C00450
CC-1721,C01755
CC-1722,C09799
CC-1723,C07743
CC-1724,C08945
CC-1725,C03786
CC-1726,C12900
CC-1727,C07648
CC-1728,C04072
CC-1729,C10333
CC-1730,C06744
CC-1731,C04446
CC-1732,C07840
CC-1733,C06962
CC-1734,C04034
CC-1735,C04248
CC-1736,C08106
CC-1737,C12399
CC-1738,C13447
CC-1739,C02753
CC-1740,C12682
CC-1741,C09939
CC-1742,C11958
CC-1743,C11034
CC-1744,C09149
CC-1745,C01765
CC-1746,C11906
CC-1747,C11509
CC-1748,C02902
CC-1749,C01982
CC-1750,C01154
CC-1751,C13086
CC-1752,C12901
CC-1753,C09165
CC-1754,C13372
CC-1755,C10422
CC-1756,C11444
CC-1757,C00614
CC-1758,C07185
CC-1759,C07220
CC-1760,C04185
CC-1761,C03527
CC-1762,C13507
CC-1763,C04046
CC-1764,C03831
CC-1765,C06464
CC-1766,C02545
CC-1767,C01109
CC-1768,C02231
CC-1769,C11143
CC-1770,C10837
CC-1771,C05307
CC-1772,C06630
CC-1773,C09800
CC-1774,C13407
CC-1775,C05967
CC-1776,C13440
CC-1777,C10745
CC-1778,C04803
CC-1779,C09241
CC-1780,C03714
CC-1781,C13081
CC-1782,C06024
CC-1783,C00854
CC-1784,C07518
CC-1785,C01166
CC-1786,C02686
CC-1787,C08256
CC-1788,C11294
CC-1789,C04860
CC-1790,C11031
CC-1791,C13254
CC-1792,C05039
CC-1793,C03218
CC-1794,C08918
CC-1795,C08913
CC-1796,C08450
CC-1797,C10962
CC-1798,C10421
CC-1799,C13364
CC-1800,C10137
CC-1801,C09468
CC-1802,C05484
CC-1803,C12897
CC-1804,C00728
CC-1805,C04965
CC-1806,C08662
CC-1807,C13036
CC-1808,C09301
CC-1809,C11577
CC-1810,C04196
CC-1811,C10164
CC-1812,C00018
CC-1813,C09274
CC-1814,C09363
CC-1815,C06663
CC-1816,C07073
CC-1817,C12982
CC-1818,C07513
CC-1819,C04865
CC-1820,C06208
CC-1821,C07212
CC-1822,C09471
CC-1823,C11496
CC-1824,C05560
CC-1825,C02502
CC-1826,C01744
CC-1827,C04072
CC-1828,C08943
CC-1829,C01784
CC-1830,C02780
CC-1831,C00952
CC-1832,C06744
CC-1833,C01727
CC-1834,C08455
CC-1835,C04361
CC-1836,C06906
CC-1837,C12680
CC-1838,C10838
CC-1839,C05390
CC-1840,C09530
CC-1841,C07033
CC-1842,C09999
CC-1843,C04346
CC-1844,C10634
CC-1845,C08727
CC-1846,C03738
CC-1847,C00606
CC-1848,C03341
CC-1849,C02250
CC-1850,C11227
CC-1851,C09691
CC-1852,C03971
CC-1853,C06986
CC-1854,C06031
CC-1855,C08489
CC-1856,C11844
CC-1857,C02554
CC-1858,C03405
CC-1859,C12258
CC-1860,C09742
CC-1861,C13268
CC-1862,C09884
CC-1863,C03598
CC-1864,C00426
CC-1865,C11000
CC-1866,C09165
CC-1867,C01040
CC-1868,C07872
CC-1869,C07086
CC-1870,C12166
CC-1871,C08290
CC-1872,C10760
CC-1873,C12028
CC-1874,C10900
CC-1875,C11309
CC-1876,C09663
CC-1877,C02902
CC-1878,C02502
CC-1879,C13407
CC-1880,C12578
CC-1881,C03571
CC-1882,C09806
CC-1883,C01010
CC-1884,C06299
CC-1885,C08450
CC-1886,C08108
CC-1887,C03181
CC-1888,C05029
CC-1889,C01140
CC-1890,C03040
CC-1891,C08455
CC-1892,C09800
CC-1893,C04984
CC-1894,C05142
CC-1895,C05967
CC-1896,C10320
CC-1897,C12991
CC-1898,C01333
CC-1899,C05916
CC-1900,C03433
CC-1901,C03778
CC-1902,C06962
CC-1903,C07227
CC-1904,C00956
CC-1905,C09804
CC-1906,C11958
CC-1907,C05245
CC-1908,C07870
CC-1909,C12961
CC-1910,C06606
CC-1911,C01109
CC-1912,C09274
CC-1913,C07855
CC-1914,C03708
CC-1915,C05307
CC-1916,C13256
CC-1917,C01719
CC-1918,C06940
CC-1919,C09868
CC-1920,C10553
CC-1921,C01426
CC-1922,C07221
CC-1923,C13095
CC-1924,C03558
CC-1925,C13171
CC-1926,C11847
CC-1927,C12897
CC-1928,C04775
CC-1929,C06464
CC-1930,C00750
CC-1931,C11227
CC-1932,C06598
CC-1933,C06795
CC-1934,C07162
CC-1935,C08288
CC-1936,C04072
CC-1937,C05958
CC-1938,C03096
CC-1939,C07180
CC-1940,C03824
CC-1941,C11642
CC-1942,C01295
CC-1943,C11933
CC-1944,C03273
CC-1945,C03019
CC-1946,C11709
CC-1947,C04108
CC-1948,C05381
CC-1949,C04446
CC-1950,C09047
CC-1951,C02147
CC-1952,C10935
CC-1953,C07648
CC-1954,C09939
CC-1955,C07185
CC-1956,C00889
CC-1957,C08348
CC-1958,C00051
CC-1959,C01138
CC-1960,C09471
CC-1961,C13364
CC-1962,C06630
CC-1963,C07518
CC-1964,C12942
CC-1965,C10837
CC-1966,C09665
CC-1967,C13392
CC-1968,C00391
CC-1969,C04865
CC-1970,C07614
CC-1971,C06437
CC-1972,C09800
CC-1973,C07508
CC-1974,C11597
CC-1975,C01727
CC-1976,C06906
CC-1977,C10207
CC-1978,C11554
CC-1979,C02226
CC-1980,C10092
CC-1981,C12412
CC-1982,C07522
CC-1983,C12160
CC-1984,C05996
CC-1985,C01638
CC-1986,C04968
CC-1987,C03933
CC-1988,C03218
CC-1989,C11958
CC-1990,C01966
CC-1991,C08072
CC-1992,C01982
CC-1993,C10045
CC-1994,C02250
CC-1995,C10388
CC-1996,C06855
CC-1997,C06663
CC-1998,C00294
CC-1999,C05141
CC-2000,C08799
CC-2001,C09249
CC-2002,C02245
CC-2003,C13268
CC-2004,C12982
CC-2005,C08489
CC-2006,C03047
CC-2007,C03650
CC-2008,C00604
CC-2009,C13163
CC-2010,C05245
CC-2011,C07987
CC-2012,C11496
CC-2013,C09354
CC-2014,C03341
CC-2015,C04965
CC-2016,C08190
CC-2017,C12305
CC-2018,C11199
CC-2019,C06190
CC-2020,C12897
CC-2021,C11239
CC-2022,C00426
CC-2023,C09363
CC-2024,C00259
CC-2025,C12586
CC-2026,C04893
CC-2027,C02181
CC-2028,C04641
CC-2029,C00637
CC-2030,C01109
CC-2031,C10137
CC-2032,C08450
CC-2033,C12961
CC-2034,C06059
CC-2035,C06134
CC-2036,C10320
CC-2037,C07035
CC-2038,C09947
CC-2039,C07612
CC-2040,C07227
CC-2041,C04150
CC-2042,C07053
CC-2043,C08746
CC-2044,C03040
CC-2045,C01810
CC-2046,C01846
CC-2047,C03676
CC-2048,C00938
CC-2049,C13514
CC-2050,C01155
CC-2051,C02354
CC-2052,C13410
CC-2053,C12966
CC-2054,C05791
CC-2055,C11156
CC-2056,C11998
CC-2057,C02716
CC-2058,C09159
CC-2059,C13171
CC-2060,C11291
CC-2061,C04424
CC-2062,C04022
CC-2063,C13328
CC-2064,C07981
CC-2065,C08374
CC-2066,C04313
CC-2067,C11709
CC-2068,C03488
CC-2069,C04034
CC-2070,C10276
CC-2071,C10553
CC-2072,C05747
CC-2073,C11780
CC-2074,C07513
CC-2075,C01347
CC-2076,C05551
CC-2077,C12211
CC-2078,C08375
CC-2079,C08466
CC-2080,C10526
CC-2081,C06855
CC-2082,C01563
CC-2083,C11000
CC-2084,C05906
CC-2085,C11919
CC-2086,C11257
CC-2087,C07987
CC-2088,C00463
CC-2089,C02000
CC-2090,C13440
CC-2091,C08111
CC-2092,C09249
CC-2093,C12942
CC-2094,C00820
CC-2095,C12682
CC-2096,C08980
CC-2097,C01116
CC-2098,C02897
CC-2099,C03019
CC-2100,C03394
CC-2101,C07872
CC-2102,C12646
CC-2103,C11597
CC-2104,C02000
CC-2105,C05381
CC-2106,C05307
CC-2107,C07648
CC-2108,C03050
CC-2109,C07508
CC-2110,C08945
CC-2111,C12258
CC-2112,C04172
CC-2113,C06962
CC-2114,C11010
CC-2115,C02902
CC-2116,C06940
CC-2117,C02147
CC-2118,C11496
CC-2119,C08489
CC-2120,C12773
CC-2121,C08106
CC-2122,C09274
CC-2123,C05008
CC-2124,C05215
CC-2125,C11509
CC-2126,C02245
CC-2127,C13005
CC-2128,C01765
CC-2129,C08748
CC-2130,C10835
CC-2131,C11958
CC-2132,C03630
CC-2133,C10137
CC-2134,C06362
CC-2135,C10127
CC-2136,C02377
CC-2137,C10760
CC-2138,C04921
CC-2139,C08391
CC-2140,C00400
CC-2141,C09800
CC-2142,C10442
CC-2143,C11143
CC-2144,C13036
CC-2145,C12291
CC-2146,C11929
CC-2147,C06339
CC-2148,C00889
CC-2149,C05245
CC-2150,C10837
CC-2151,C05289
CC-2152,C09757
CC-2153,C00426
CC-2154,C04597
CC-2155,C09602
CC-2156,C05097
CC-2157,C05294
CC-2158,C10055
CC-2159,C06511
CC-2160,C01370
CC-2161,C09173
CC-2162,C06313
CC-2163,C13081
CC-2164,C04848
CC-2165,C01104
CC-2166,C01521
CC-2167,C06630
CC-2168,C12658
CC-2169,C06948
CC-2170,C02883
CC-2171,C03843
CC-2172,C05560
CC-2173,C05029
CC-2174,C08363
CC-2175,C02250
CC-2176,C12028
CC-2177,C02111
CC-2178,C10422
CC-2179,C10263
CC-2180,C04072
CC-2181,C05312
CC-2182,C06954
CC-2183,C08450
CC-2184,C00210
CC-2185,C07867
CC-2186,C04715
CC-2187,C02354
CC-2188,C11709
CC-2189,C01459
CC-2190,C00871
CC-2191,C13407
CC-2192,C01002
CC-2193,C11227
CC-2194,C00750
CC-2195,C01154
CC-2196,C10305
CC-2197,C05011
CC-2198,C00294
CC-2199,C02502
CC-2200,C04618
CC-2201,C04865
CC-2202,C04248
CC-2203,C10770
CC-2204,C03047
CC-2205,C09803
CC-2206,C04258
CC-2207,C06117
CC-2208,C12717
CC-2209,C06121
CC-2210,C13095
CC-2211,C04776
CC-2212,C10957
CC-2213,C03341
CC-2214,C06940
CC-2215,C00938
CC-2216,C07997
CC-2217,C07518
CC-2218,C10890
CC-2219,C05263
CC-2220,C11965
CC-2221,C10390
CC-2222,C11509
CC-2223,C13372
CC-2224,C10164
CC-2225,C06598
CC-2226,C00768
CC-2227,C11847
CC-2228,C00728
CC-2229,C09246
CC-2230,C06788
CC-2231,C12987
CC-2232,C10559
CC-2233,C03412
CC-2234,C06464
CC-2235,C01982
CC-2236,C08375
CC-2237,C06303
CC-2238,C00745
CC-2239,C04313
CC-2240,C04046
CC-2241,C04010
CC-2242,C01426
CC-2243,C10933
CC-2244,C13171
CC-2245,C04108
CC-2246,C03598
CC-2247,C11923
CC-2248,C07562
CC-2249,C00969
CC-2250,C06420
CC-2251,C09301
CC-2252,C02554
CC-2253,C12094
CC-2254,C08944
CC-2255,C00580
CC-2256,C02559
CC-2257,C02716
CC-2258,C05678
CC-2259,C00426
CC-2260,C00329
CC-2261,C02094
CC-2262,C00841
CC-2263,C13404
CC-2264,C06744
CC-2265,C02456
CC-2266,C07872
CC-2267,C10010
CC-2268,C10526
CC-2269,C07180
CC-2270,C05871
CC-2271,C09657
CC-2272,C07990
CC-2273,C12028
CC-2274,C08943
CC-2275,C08632
CC-2276,C07981
CC-2277,C12265
CC-2278,C12897
CC-2279,C07648
CC-2280,C01155
CC-2281,C13254
CC-2282,C12517
CC-2283,C03696
CC-2284,C07944
CC-2285,C06036
CC-2286,C00796
CC-2287,C01333
CC-2288,C07845
CC-2289,C12900
CC-2290,C03427
CC-2291,C12061
CC-2292,C11309
CC-2293,C11257
CC-2294,C09616
CC-2295,C07293
CC-2296,C10760
CC-2297,C04834
CC-2298,C11055
CC-2299,C08831
CC-2300,C02147
CC-2301,C07855
CC-2302,C09274
CC-2303,C09471
CC-2304,C07614
CC-2305,C06779
CC-2306,C05530
CC-2307,C00294
CC-2308,C06855
CC-2309,C08256
CC-2310,C01109
CC-2311,C02139
CC-2312,C11709
CC-2313,C07841
CC-2314,C07508
CC-2315,C12251
CC-2316,C11713
CC-2317,C12111
CC-2318,C10733
CC-2319,C01563
CC-2320,C02639
CC-2321,C10898
CC-2322,C11522
CC-2323,C07562
CC-2324,C07505
CC-2325,C07743
CC-2326,C09076
CC-2327,C08945
CC-2328,C06024
CC-2329,C04775
CC-2330,C10757
CC-2331,C12717
CC-2332,C08288
CC-2333,C13147
CC-2334,C04072
CC-2335,C02780
CC-2336,C03278
CC-2337,C01982
CC-2338,C00728
CC-2339,C10879
CC-2340,C04346
CC-2341,C01685
CC-2342,C06906
CC-2343,C09800
CC-2344,C06059
CC-2345,C06630
CC-2346,C08913
CC-2347,C11539
CC-2348,C09249
CC-2349,C10399
CC-2350,C12136
CC-2351,C00768
CC-2352,C06121
CC-2353,C11413
CC-2354,C11749
CC-2355,C07194
CC-2356,C09806
CC-2357,C04965
CC-2358,C03218
CC-2359,C08989
CC-2360,C10601
CC-2361,C08072
CC-2362,C10520
CC-2363,C11597
CC-2364,C07867
CC-2365,C09803
CC-2366,C01377
CC-2367,C09149
CC-2368,C01890
CC-2369,C10906
CC-2370,C05876
CC-2371,C05957
CC-2372,C09121
CC-2373,C11496
CC-2374,C04571
CC-2375,C01104
CC-2376,C03474
CC-2377,C07523
CC-2378,C01755
CC-2379,C00513
CC-2380,C00334
CC-2381,C01116
CC-2382,C02716
CC-2383,C06962
CC-2384,C03637
CC-2385,C08281
CC-2386,C06147
CC-2387,C01730
CC-2388,C04280
CC-2389,C11958
CC-2390,C04034
CC-2391,C08597
CC-2392,C07990
CC-2393,C04597
CC-2394,C08962
CC-2395,C09657
CC-2396,C02147
CC-2397,C06269
CC-2398,C13364
CC-2399,C06026
CC-2400,C02923
CC-2401,C02810
CC-2402,C02639
CC-2403,C12983
CC-2404,C07562
CC-2405,C07919
CC-2406,C11309
CC-2407,C08014
CC-2408,C12744
CC-2409,C07212
CC-2410,C07394
CC-2411,C09855
CC-2412,C10715
CC-2413,C00942
CC-2414,C04776
CC-2415,C11509
CC-2416,C07981
CC-2417,C12897
CC-2418,C06855
CC-2419,C07925
CC-2420,C05061
CC-2421,C09876
CC-2422,C09471
CC-2423,C11031
CC-2424,C03047
CC-2425,C07969
CC-2426,C02945
CC-2427,C04024
CC-2428,C13407
CC-2429,C03872
CC-2430,C09076
CC-2431,C06190
CC-2432,C02354
CC-2433,C05967
CC-2434,C11522
CC-2435,C00889
CC-2436,C03925
CC-2437,C05381
CC-2438,C10837
CC-2439,C05704
CC-2440,C03707
CC-2441,C13227
CC-2442,C02618
CC-2443,C01765
CC-2444,C05712
CC-2445,C09246
CC-2446,C01719
CC-2447,C12265
CC-2448,C11496
CC-2449,C12690
CC-2450,C00197
CC-2451,C06744
CC-2452,C00728
CC-2453,C08450
CC-2454,C13171
CC-2455,C02177
CC-2456,C09939
CC-2457,C03950
CC-2458,C13423
CC-2459,C02342
CC-2460,C06075
CC-2461,C01138
CC-2462,C04046
CC-2463,C03786
CC-2464,C09800
CC-2465,C11844
CC-2466,C09557
CC-2467,C01721
CC-2468,C13440
CC-2469,C13119
CC-2470,C07612
CC-2471,C12705
CC-2472,C11294
CC-2473,C10016
CC-2474,C06208
CC-2475,C06663
CC-2476,C07338
CC-2477,C04542
CC-2478,C10955
CC-2479,C11964
CC-2480,C04597
CC-2481,C11919
CC-2482,C05231
CC-2483,C11000
CC-2484,C00267
CC-2485,C01755
CC-2486,C11055
CC-2487,C06228
CC-2488,C09426
CC-2489,C11847
CC-2490,C04965
CC-2491,C02897
CC-2492,C02000
CC-2493,C00952
CC-2494,C06906
CC-2495,C07518
CC-2496,C00094
CC-2497,C11187
CC-2498,C11500
CC-2499,C05678
CC-2500,C08391
CC-2501,C08489
CC-2502,C05245
CC-2503,C04108
CC-2504,C12385
CC-2505,C06630
CC-2506,C00294
CC-2507,C02320
CC-2508,C10559
CC-2509,C01339
CC-2510,C07841
CC-2511,C06130
CC-2512,C12982
CC-2513,C13407
CC-2514,C01627
CC-2515,C07648
CC-2516,C06942
CC-2517,C06940
CC-2518,C09698
CC-2519,C03019
CC-2520,C09241
CC-2521,C09803
CC-2522,C11842
CC-2523,C10553
CC-2524,C05029
CC-2525,C09657
CC-2526,C06962
CC-2527,C10752
CC-2528,C12900
CC-2529,C05127
CC-2530,C11522
CC-2531,C02330
CC-2532,C08943
CC-2533,C12991
CC-2534,C02902
CC-2535,C10422
CC-2536,C11539
CC-2537,C12295
CC-2538,C01982
CC-2539,C06220
CC-2540,C03095
CC-2541,C07212
CC-2542,C11475
CC-2543,C03738
CC-2544,C01350
CC-2545,C02545
CC-2546,C08945
CC-2547,C11444
CC-2548,C00768
CC-2549,C09471
CC-2550,C06024
CC-2551,C12680
CC-2552,C10010
CC-2553,C01377
CC-2554,C03125
CC-2555,C08944
CC-2556,C00969
CC-2557,C02902
CC-2558,C00368
CC-2559,C03708
CC-2560,C05381
CC-2561,C12897
CC-2562,C04727
CC-2563,C06991
CC-2564,C09149
CC-2565,C09933
CC-2566,C08953
CC-2567,C08196
CC-2568,C11381
CC-2569,C11413
CC-2570,C13372
CC-2571,C09557
CC-2572,C11309
CC-2573,C09354
CC-2574,C01149
CC-2575,C06464
CC-2576,C01116
CC-2577,C11472
CC-2578,C03474
CC-2579,C08281
CC-2580,C09274
CC-2581,C04776
CC-2582,C13081
CC-2583,C08206
CC-2584,C08918
CC-2585,C12517
CC-2586,C06855
CC-2587,C00728
CC-2588,C07185
CC-2589,C02354
CC-2590,C07562
CC-2591,C11633
CC-2592,C03285
CC-2593,C04597
CC-2594,C00637
CC-2595,C00426
CC-2596,C09301
CC-2597,C12991
CC-2598,C04386
CC-2599,C05369
CC-2600,C07614
CC-2601,C12111
CC-2602,C04072
CC-2603,C02147
CC-2604,C09337
CC-2605,C02181
CC-2606,C04965
CC-2607,C06663
CC-2608,C09868
CC-2609,C08256
CC-2610,C01269
CC-2611,C12942
CC-2612,C00400
CC-2613,C09983
CC-2614,C07792
CC-2615,C07638
CC-2616,C10306
CC-2617,C11158
CC-2618,C10381
CC-2619,C01966
CC-2620,C10390
CC-2621,C01109
CC-2622,C02250
CC-2623,C01489
CC-2624,C01828
CC-2625,C00889
CC-2626,C01525
CC-2627,C06437
CC-2628,C10349
CC-2629,C07518
CC-2630,C07879
CC-2631,C04587
CC-2632,C11842
CC-2633,C11597
CC-2634,C05381
CC-2635,C00750
CC-2636,C00114
CC-2637,C11595
CC-2638,C07354
CC-2639,C05445
CC-2640,C03040
CC-2641,C02653
CC-2642,C01089
CC-2643,C05307
CC-2644,C03786
CC-2645,C11143
CC-2646,C09657
CC-2647,C08478
CC-2648,C01363
CC-2649,C03528
CC-2650,C06940
CC-2651,C05153
CC-2652,C11201
CC-2653,C04446
CC-2654,C09530
CC-2655,C12492
CC-2656,C02502
CC-2657,C12036
CC-2658,C04024
CC-2659,C03341
CC-2660,C07338
CC-2661,C08918
CC-2662,C04776
CC-2663,C12987
CC-2664,C02231
CC-2665,C12028
CC-2666,C03856
CC-2667,C07204
CC-2668,C09601
CC-2669,C03363
CC-2670,C01909
CC-2671,C07794
CC-2672,C10308
CC-2673,C11923
CC-2674,C05061
CC-2675,C09791
CC-2676,C05868
CC-2677,C04105
CC-2678,C04571
CC-2679,C10127
CC-2680,C00466
CC-2681,C01154
CC-2682,C01109
CC-2683,C09274
CC-2684,C01656
CC-2685,C01035
CC-2686,C01618
CC-2687,C06836
CC-2688,C12744
CC-2689,C09735
CC-2690,C11464
CC-2691,C11000
CC-2692,C11747
CC-2693,C10026
CC-2694,C01521
CC-2695,C00773
CC-2696,C04352
CC-2697,C02902
CC-2698,C00952
CC-2699,C11919
CC-2700,C05359
CC-2701,C12598
CC-2702,C10559
CC-2703,C00094
CC-2704,C08945
CC-2705,C09885
CC-2706,C04004
CC-2707,C08391
CC-2708,C02949
CC-2709,C07076
CC-2710,C11871
CC-2711,C07185
CC-2712,C12680
CC-2713,C02716
CC-2714,C07867
CC-2715,C10421
CC-2716,C13171
CC-2717,C02923
CC-2718,C08831
CC-2719,C07981
CC-2720,C04294
CC-2721,C11509
CC-2722,C08635
CC-2723,C02513
CC-2724,C10955
CC-2725,C06750
CC-2726,C03474
CC-2727,C12634
CC-2728,C06660
CC-2729,C00294
CC-2730,C13147
CC-2731,C05423
CC-2732,C06899
CC-2733,C01525
CC-2734,C01996
CC-2735,C10285
CC-2736,C04108
CC-2737,C07513
CC-2738,C04965
CC-2739,C04537
CC-2740,C00681
CC-2741,C04938
CC-2742,C12680
CC-2743,C03708
CC-2744,C00059
CC-2745,C09490
CC-2746,C11844
CC-2747,C05470
CC-2748,C09420
CC-2749,C10287
CC-2750,C07220
CC-2751,C09939
CC-2752,C11970
CC-2753,C11388
CC-2754,C02502
CC-2755,C02609
CC-2756,C06437
CC-2757,C05958
CC-2758,C10127
CC-2759,C08014
CC-2760,C05245
CC-2761,C04034
CC-2762,C06962
CC-2763,C02079
CC-2764,C02320
CC-2765,C12987
CC-2766,C09529
CC-2767,C11929
CC-2768,C02963
CC-2769,C10508
CC-2770,C09800
CC-2771,C03047
CC-2772,C04105
CC-2773,C08807
CC-2774,C00768
CC-2775,C08391
CC-2776,C07267
CC-2777,C02181
CC-2778,C03231
CC-2779,C01002
CC-2780,C02031
CC-2781,C04196
CC-2782,C03040
CC-2783,C01109
CC-2784,C12942
CC-2785,C00942
CC-2786,C07858
CC-2787,C12166
CC-2788,C11188
CC-2789,C09354
CC-2790,C12811
CC-2791,C10957
CC-2792,C04046
CC-2793,C08913
CC-2794,C01063
CC-2795,C11539
CC-2796,C09791
CC-2797,C02147
CC-2798,C03967
CC-2799,C11923
CC-2800,C06224
CC-2801,C12897
CC-2802,C12574
CC-2803,C13423
CC-2804,C00693
CC-2805,C04962
CC-2806,C12258
CC-2807,C06220
CC-2808,C02949
CC-2809,C08834
CC-2810,C13374
CC-2811,C03906
CC-2812,C10010
CC-2813,C07508
CC-2814,C02326
CC-2815,C11919
CC-2816,C08450
CC-2817,C08623
CC-2818,C01996
CC-2819,C04346
CC-2820,C13447
CC-2821,C05381
CC-2822,C09582
CC-2823,C03125
CC-2824,C10456
CC-2825,C03019
CC-2826,C11509
CC-2827,C07434
CC-2828,C01104
CC-2829,C01614
CC-2830,C09251
CC-2831,C01909
CC-2832,C06906
CC-2833,C04332
CC-2834,C09933
CC-2835,C03738
CC-2836,C06851
CC-2837,C05786
CC-2838,C04597
CC-2839,C04118
CC-2840,C10955
CC-2841,C03218
CC-2842,C06940
CC-2843,C08348
CC-2844,C08962
CC-2845,C08206
CC-2846,C11873
CC-2847,C08578
CC-2848,C12044
CC-2849,C00294
CC-2850,C09872
CC-2851,C08250
CC-2852,C07855
CC-2853,C01155
CC-2854,C07185
CC-2855,C12634
CC-2856,C01333
CC-2857,C02923
CC-2858,C00059
CC-2859,C12690
CC-2860,C07987
CC-2861,C00889
CC-2862,C06630
CC-2863,C09735
CC-2864,C01638
CC-2865,C00750
CC-2866,C05509
CC-2867,C06800
CC-2868,C04828
CC-2869,C02502
CC-2870,C02250
CC-2871,C00329
CC-2872,C06464
CC-2873,C02284
CC-2874,C07648
CC-2875,C01400
CC-2876,C00137
CC-2877,C03904
CC-2878,C05611
CC-2879,C01755
CC-2880,C00149
CC-2881,C11844
CC-2882,C06682
CC-2883,C05307
CC-2884,C10599
CC-2885,C10010
CC-2886,C13147
CC-2887,C11309
CC-2888,C04146
CC-2889,C03992
CC-2890,C11444
CC-2891,C02639
CC-2892,C00728
CC-2893,C04361
CC-2894,C06208
CC-2895,C11388
CC-2896,C04248
CC-2897,C12982
CC-2898,C10837
CC-2899,C04744
CC-2900,C04046
CC-2901,C12598
CC-2902,C04450
CC-2903,C04965
CC-2904,C07347
CC-2905,C02181
CC-2906,C08482
CC-2907,C09231
CC-2908,C11642
CC-2909,C04004
CC-2910,C12897
CC-2911,C06514
CC-2912,C06167
CC-2913,C00337
CC-2914,C00978
CC-2915,C09241
CC-2916,C11539
CC-2917,C12785
CC-2918,C12267
CC-2919,C06962
CC-2920,C06130
CC-2921,C12111
CC-2922,C13372
CC-2923,C00088
CC-2924,C11464
CC-2925,C03630
CC-2926,C09666
CC-2927,C09800
CC-2928,C08962
CC-2929,C11348
CC-2930,C06929
CC-2931,C04386
CC-2932,C03575
CC-2933,C08841
CC-2934,C09791
CC-2935,C08623
CC-2936,C11937
CC-2937,C01138
CC-2938,C05942
CC-2939,C02393
CC-2940,C04108
CC-2941,C05127
CC-2942,C04105
CC-2943,C06855
CC-2944,C06075
CC-2945,C11000
CC-2946,C11227
CC-2947,C02902
CC-2948,C06175
CC-2949,C05245
CC-2950,C05314
CC-2951,C02000
CC-2952,C02573
CC-2953,C13122
CC-2954,C02480
CC-2955,C03474
CC-2956,C12060
CC-2957,C05736
CC-2958,C13407
CC-2959,C10948
CC-2960,C10678
CC-2961,C11919
CC-2962,C09806
CC-2963,C01119
CC-2964,C12382
CC-2965,C11847
CC-2966,C12552
CC-2967,C11873
CC-2968,C04601
CC-2969,C00835
CC-2970,C03047
CC-2971,C09998
CC-2972,C00405
CC-2973,C02334
CC-2974,C11543
CC-2975,C03786
CC-2976,C08989
CC-2977,C07612
CC-2978,C08842
CC-2979,C01966
CC-2980,C07295
CC-2981,C12966
CC-2982,C04778
CC-2983,C02181
CC-2984,C11807
CC-2985,C06617
CC-2986,C09933
CC-2987,C13081
CC-2988,C04282
CC-2989,C07840
CC-2990,C05140
CC-2991,C12517
CC-2992,C06979
CC-2993,C12655
CC-2994,C04348
CC-2995,C02320
CC-2996,C01525
CC-2997,C02147
CC-2998,C03278
CC-2999,C03651
CC-3000,C10745
CC-3001,C07162
CC-3002,C03738
CC-3003,C03539
CC-3004,C12274
CC-3005,C08913
CC-3006,C08256
CC-3007,C02502
CC-3008,C07638
CC-3009,C07400
CC-3010,C00329
CC-3011,C04280
CC-3012,C11844
CC-3013,C08495
CC-3014,C11309
CC-3015,C01982
CC-3016,C04313
CC-3017,C00953
CC-3018,C05125
CC-3019,C12982
CC-3020,C06443
CC-3021,C09301
CC-3022,C09241
CC-3023,C06031
CC-3024,C03341
CC-3025,C12012
CC-3026,C03381
CC-3027,C02035
CC-3028,C02573
CC-3029,C09246
CC-3030,C07469
CC-3031,C08945
CC-3032,C07149
CC-3033,C08943
CC-3034,C12509
CC-3035,C09733
CC-3036,C05292
CC-3037,C07044
CC-3038,C02456
CC-3039,C11923
CC-3040,C06464
CC-3041,C10328
CC-3042,C01002
CC-3043,C03504
CC-3044,C04844
CC-3045,C01138
CC-3046,C12136
CC-3047,C05704
CC-3048,C00782
CC-3049,C13504
CC-3050,C09631
CC-3051,C00728
CC-3052,C02000
CC-3053,C12397
CC-3054,C09657
CC-3055,C01155
CC-3056,C08477
CC-3057,C01521
CC-3058,C00331
CC-3059,C12097
CC-3060,C13364
CC-3061,C07646
CC-3062,C07673
CC-3063,C12166
CC-3064,C04933
CC-3065,C01982
CC-3066,C00235
CC-3067,C00889
CC-3068,C00795
CC-3069,C07073
CC-3070,C02949
CC-3071,C05289
CC-3072,C06657
CC-3073,C10837
CC-3074,C09696
CC-3075,C04034
CC-3076,C12811
CC-3077,C04865
CC-3078,C04210
CC-3079,C13171
CC-3080,C09791
CC-3081,C09363
CC-3082,C03598
CC-3083,C11031
CC-3084,C12680
CC-3085,C02354
CC-3086,C13372
CC-3087,C05519
CC-3088,C05245
CC-3089,C06942
CC-3090,C10742
CC-3091,C02782
CC-3092,C02371
CC-3093,C00854
CC-3094,C01010
CC-3095,C05426
CC-3096,C12815
CC-3097,C01377
CC-3098,C02513
CC-3099,C11787
CC-3100,C06744
CC-3101,C08206
CC-3102,C06811
CC-3103,C10344
CC-3104,C10016
CC-3105,C07215
CC-3106,C05572
CC-3107,C12966
CC-3108,C11522
CC-3109,C07614
CC-3110,C07981
CC-3111,C06630
CC-3112,C07925
CC-3113,C06962
CC-3114,C01864
CC-3115,C02181
CC-3116,C00693
CC-3117,C03019
CC-3118,C09902
CC-3119,C11597
CC-3120,C02545
CC-3121,C04828
CC-3122,C04172
CC-3123,C04597
CC-3124,C04588
CC-3125,C06362
CC-3126,C12028
CC-3127,C03278
CC-3128,C02809
CC-3129,C03351
CC-3130,C02195
CC-3131,C00728
CC-3132,C04108
CC-3133,C12942
CC-3134,C05307
CC-3135,C13227
CC-3136,C09933
CC-3137,C07508
CC-3138,C02250
CC-3139,C04034
CC-3140,C13081
CC-3141,C11201
CC-3142,C13407
CC-3143,C07571
CC-3144,C12111
CC-3145,C03341
CC-3146,C11388
CC-3147,C11464
CC-3148,C11859
CC-3149,C09657
CC-3150,C00750
CC-3151,C06855
CC-3152,C05786
CC-3153,C12144
CC-3154,C07518
CC-3155,C09241
CC-3156,C03975
CC-3157,C11444
CC-3158,C08281
CC-3159,C06464
CC-3160,C07073
CC-3161,C05243
CC-3162,C02716
CC-3163,C09848
CC-3164,C01109
CC-3165,C11919
CC-3166,C01333
CC-3167,C09301
CC-3168,C05276
CC-3169,C11682
CC-3170,C07648
CC-3171,C05212
CC-3172,C11847
CC-3173,C05678
CC-3174,C06744
CC-3175,C00952
CC-3176,C11958
CC-3177,C11227
CC-3178,C03095
CC-3179,C09735
CC-3180,C05690
CC-3181,C07638
CC-3182,C09443
CC-3183,C03218
CC-3184,C03060
CC-3185,C10852
CC-3186,C00889
CC-3187,C01010
CC-3188,C11309
CC-3189,C01155
CC-3190,C00978
CC-3191,C01116
CC-3192,C09394
CC-3193,C03277
CC-3194,C13060
CC-3195,C03856
CC-3196,C09438
CC-3197,C07612
CC-3198,C01525
CC-3199,C04434
CC-3200,C05382
CC-3201,C10837
CC-3202,C03685
CC-3203,C10507
CC-3204,C13012
CC-3205,C06940
CC-3206,C11923
CC-3207,C13440
CC-3208,C07149
CC-3209,C11844
CC-3210,C12230
CC-3211,C07356
CC-3212,C07867
CC-3213,C05560
CC-3214,C06437
CC-3215,C01070
CC-3216,C07671
CC-3217,C13414
CC-3218,C11005
CC-3219,C03738
CC-3220,C08494
CC-3221,C05031
CC-3222,C08206
CC-3223,C01812
CC-3224,C08450
CC-3225,C02089
CC-3226,C01119
CC-3227,C08831
CC-3228,C02231
CC-3229,C12258
CC-3230,C06821
CC-3231,C05141
CC-3232,C12626
CC-3233,C12144
CC-3234,C01966
CC-3235,C08466
CC-3236,C04965
CC-3237,C06663
CC-3238,C09791
CC-3239,C08710
CC-3240,C00163
CC-3241,C09363
CC-3242,C08842
CC-3243,C11475
CC-3244,C12409
CC-3245,C08297
CC-3246,C01347
CC-3247,C08528
CC-3248,C12900
CC-3249,C11413
CC-3250,C02147
CC-3251,C04034
CC-3252,C07855
CC-3253,C13081
CC-3254,C13036
CC-3255,C12865
CC-3256,C06630
CC-3257,C00952
CC-3258,C05704
CC-3259,C11543
CC-3260,C03151
CC-3261,C06059
CC-3262,C10760
CC-3263,C11053
CC-3264,C12296
CC-3265,C04873
CC-3266,C10010
CC-3267,C13140
CC-3268,C11496
CC-3269,C01799
CC-3270,C08943
CC-3271,C00294
CC-3272,C03778
CC-3273,C04618
CC-3274,C11704
CC-3275,C11427
CC-3276,C11522
CC-3277,C13447
CC-3278,C00849
CC-3279,C10831
CC-3280,C13328
CC-3281,C11037
CC-3282,C08495
CC-3283,C08597
CC-3284,C02716
CC-3285,C09657
CC-3286,C12982
CC-3287,C10127
CC-3288,C05381
CC-3289,C09274
CC-3290,C08918
CC-3291,C02250
CC-3292,C12036
CC-3293,C13372
CC-3294,C03786
CC-3295,C04299
CC-3296,C01672
CC-3297,C09241
CC-3298,C06947
CC-3299,C09301
CC-3300,C00051
CC-3301,C03864
CC-3302,C10736
CC-3303,C11414
CC-3304,C08945
CC-3305,C07149
CC-3306,C04881
CC-3307,C06962
CC-3308,C07761
CC-3309,C02000
CC-3310,C03047
CC-3311,C13389
CC-3312,C11464
CC-3313,C07185
CC-3314,C07840
CC-3315,C06437
CC-3316,C03561
CC-3317,C11919
CC-3318,C06059
CC-3319,C06224
CC-3320,C07648
CC-3321,C02018
CC-3322,C00889
CC-3323,C09471
CC-3324,C12061
CC-3325,C00820
CC-3326,C04551
CC-3327,C08623
CC-3328,C01982
CC-3329,C07027
CC-3330,C07102
CC-3331,C09800
CC-3332,C12136
CC-3333,C11201
CC-3334,C06096
CC-3335,C03278
CC-3336,C10837
CC-3337,C03066
CC-3338,C01618
CC-3339,C12966
CC-3340,C05996
CC-3341,C12680
CC-3342,C11513
CC-3343,C07220
CC-3344,C09680
CC-3345,C02084
CC-3346,C12012
CC-3347,C11597
CC-3348,C05125
CC-3349,C12397
CC-3350,C07367
CC-3351,C13407
CC-3352,C13081
CC-3353,C09246
CC-3354,C03871
CC-3355,C11000
CC-3356,C11595
CC-3357,C09251
CC-3358,C04597
CC-3359,C07171
CC-3360,C01154
CC-3361,C09249
CC-3362,C01388
CC-3363,C12991
CC-3364,C05530
CC-3365,C08918
CC-3366,C08737
CC-3367,C11496
CC-3368,C10170
CC-3369,C10459
CC-3370,C12166
CC-3371,C07513
CC-3372,C03218
CC-3373,C12942
CC-3374,C02513
CC-3375,C05690
CC-3376,C09742
CC-3377,C02573
CC-3378,C08842
CC-3379,C11609
CC-3380,C04352
CC-3381,C10390
CC-3382,C05289
CC-3383,C10760
CC-3384,C03999
CC-3385,C05807
CC-3386,C06988
CC-3387,C04157
CC-3388,C08831
CC-3389,C09301
CC-3390,C10955
CC-3391,C11965
CC-3392,C13372
CC-3393,C09791
CC-3394,C02063
CC-3395,C01377
CC-3396,C01755
CC-3397,C13364
CC-3398,C07606
CC-3399,C07646
CC-3400,C06067
CC-3401,C12084
CC-3402,C06947
CC-3403,C12525
CC-3404,C13447
CC-3405,C11709
CC-3406,C13456
CC-3407,C03470
CC-3408,C06494
CC-3409,C00594
CC-3410,C03777
CC-3411,C10890
CC-3412,C07741
CC-3413,C11388
CC-3414,C02309
CC-3415,C00294
CC-3416,C06744
CC-3417,C12984
CC-3418,C02949
CC-3419,C04108
CC-3420,C05942
CC-3421,C08972
CC-3422,C13171
CC-3423,C08466
CC-3424,C03422
CC-3425,C13227
CC-3426,C11844
CC-3427,C02136
CC-3428,C01638
CC-3429,C00952
CC-3430,C10137
CC-3431,C06906
CC-3432,C11847
CC-3433,C10507
CC-3434,C01155
CC-3435,C08198
CC-3436,C05704
CC-3437,C09981
CC-3438,C03047
CC-3439,C09933
CC-3440,C04034
CC-3441,C09471
CC-3442,C12111
CC-3443,C04258
CC-3444,C07901
CC-3445,C04759
CC-3446,C00938
CC-3447,C06962
CC-3448,C11388
CC-3449,C02250
CC-3450,C06630
CC-3451,C11031
CC-3452,C02715
CC-3453,C09799
CC-3454,C02231
CC-3455,C11398
CC-3456,C13354
CC-3457,C04844
CC-3458,C07867
CC-3459,C13389
CC-3460,C13349
CC-3461,C12509
CC-3462,C13081
CC-3463,C11005
CC-3464,C00889
CC-3465,C11847
CC-3466,C05560
CC-3467,C07518
CC-3468,C10553
CC-3469,C11522
CC-3470,C00750
CC-3471,C06988
CC-3472,C01109
CC-3473,C05245
CC-3474,C00728
CC-3475,C10045
CC-3476,C01982
CC-3477,C01910
CC-3478,C11642
CC-3479,C10149
CC-3480,C08256
CC-3481,C10757
CC-3482,C04125
CC-3483,C07981
CC-3484,C08044
CC-3485,C00930
CC-3486,C05686
CC-3487,C04965
CC-3488,C13414
CC-3489,C11000
CC-3490,C12984
CC-3491,C07562
CC-3492,C01562
CC-3493,C04185
CC-3494,C04046
CC-3495,C02796
CC-3496,C02502
CC-3497,C02456
CC-3498,C01439
CC-3499,C07648
CC-3500,C08897
CC-3501,C05704
CC-3502,C08483
CC-3503,C08391
CC-3504,C11294
CC-3505,C07612
CC-3506,C12330
CC-3507,C06605
CC-3508,C03676
CC-3509,C09573
CC-3510,C06940
CC-3511,C11309
CC-3512,C06835
CC-3513,C04565
CC-3514,C08989
CC-3515,C04865
CC-3516,C05585
CC-3517,C12966
CC-3518,C04285
CC-3519,C10644
CC-3520,C11464
CC-3521,C03197
CC-3522,C09354
CC-3523,C02897
CC-3524,C07855
CC-3525,C09491
CC-3526,C12707
CC-3527,C11436
CC-3528,C07212
CC-3529,C11201
CC-3530,C05530
CC-3531,C03405
CC-3532,C09791
CC-3533,C09146
CC-3534,C12991
CC-3535,C03685
CC-3536,C10084
CC-3537,C02354
CC-3538,C13440
CC-3539,C09350
CC-3540,C10906
CC-3541,C03613
CC-3542,C11464
CC-3543,C01116
CC-3544,C09533
CC-3545,C00559
CC-3546,C11122
CC-3547,C11014
CC-3548,C07867
CC-3549,C03738
CC-3550,C13447
CC-3551,C11509
CC-3552,C06962
CC-3553,C05031
CC-3554,C03474
CC-3555,C11597
CC-3556,C12942
CC-3557,C02592
CC-3558,C03786
CC-3559,C05996
CC-3560,C04865
CC-3561,C01618
CC-3562,C11919
CC-3563,C09666
CC-3564,C02147
CC-3565,C11539
CC-3566,C13171
CC-3567,C07858
CC-3568,C02023
CC-3569,C02883
CC-3570,C06059
CC-3571,C01521
CC-3572,C02902
CC-3573,C02686
CC-3574,C06059
CC-3575,C11496
CC-3576,C06744
CC-3577,C10955
CC-3578,C13140
CC-3579,C00782
CC-3580,C10631
CC-3581,C09753
CC-3582,C09301
CC-3583,C07220
CC-3584,C09800
CC-3585,C11716
CC-3586,C06940
CC-3587,C12382
CC-3588,C07919
CC-3589,C07741
CC-3590,C13034
CC-3591,C12454
CC-3592,C11522
CC-3593,C12989
CC-3594,C11847
CC-3595,C09241
CC-3596,C08841
CC-3597,C04597
CC-3598,C09663
CC-3599,C03676
CC-3600,C09612
CC-3601,C11543
CC-3602,C00722
CC-3603,C02515
CC-3604,C01109
CC-3605,C00777
CC-3606,C07648
CC-3607,C00854
CC-3608,C08281
CC-3609,C02949
CC-3610,C11642
CC-3611,C12258
CC-3612,C13160
CC-3613,C12525
CC-3614,C05378
CC-3615,C04196
CC-3616,C11198
CC-3617,C09246
CC-3618,C05125
CC-3619,C04679
CC-3620,C00777
CC-3621,C03872
CC-3622,C08374
CC-3623,C04108
CC-3624,C03684
CC-3625,C02804
CC-3626,C08391
CC-3627,C10507
CC-3628,C13541
CC-3629,C01875
CC-3630,C13328
CC-3631,C11965
CC-3632,C09657
CC-3633,C10114
CC-3634,C02354
CC-3635,C12501
CC-3636,C09146
CC-3637,C11249
CC-3638,C03218
CC-3639,C04185
CC-3640,C13402
CC-3641,C04267
CC-3642,C07855
CC-3643,C02545
CC-3644,C04034
CC-3645,C05786
CC-3646,C02285
CC-3647,C11787
CC-3648,C11852
CC-3649,C12397
CC-3650,C13290
CC-3651,C02231
CC-3652,C01196
CC-3653,C05381
CC-3654,C04776
CC-3655,C12094
CC-3656,C10086
CC-3657,C06988
CC-3658,C06050
CC-3659,C02902
CC-3660,C13372
CC-3661,C11790
CC-3662,C03019
CC-3663,C07925
CC-3664,C06031
CC-3665,C02854
CC-3666,C03278
CC-3667,C12012
CC-3668,C11381
CC-3669,C09666
CC-3670,C10383
CC-3671,C12007
CC-3672,C01119
CC-3673,C12966
CC-3674,C03685
CC-3675,C01333
CC-3676,C01332
CC-3677,C05585
CC-3678,C06437
CC-3679,C09040
CC-3680,C06855
CC-3681,C02480
CC-3682,C08623
CC-3683,C12987
CC-3684,C01138
CC-3685,C10837
CC-3686,C05240
CC-3687,C10295
CC-3688,C05704
CC-3689,C02458
CC-3690,C11227
CC-3691,C10986
CC-3692,C09742
CC-3693,C06443
CC-3694,C12092
CC-3695,C03047
CC-3696,C04108
CC-3697,C06379
CC-3698,C13025
CC-3699,C05705
CC-3700,C07394
CC-3701,C01109
CC-3702,C09981
CC-3703,C07879
CC-3704,C07073
CC-3705,C08918
CC-3706,C03040
CC-3707,C13403
CC-3708,C04061
CC-3709,C05610
CC-3710,C02897
CC-3711,C09363
CC-3712,C08450
CC-3713,C06464
CC-3714,C13147
CC-3715,C08842
CC-3716,C02502
CC-3717,C12942
CC-3718,C00952
CC-3719,C11929
CC-3720,C00294
CC-3721,C00820
CC-3722,C02231
CC-3723,C05039
CC-3724,C12166
CC-3725,C11539
CC-3726,C13036
CC-3727,C08206
CC-3728,C13171
CC-3729,C10713
CC-3730,C06835
CC-3731,C08483
CC-3732,C09241
CC-3733,C07741
CC-3734,C03095
CC-3735,C04571
CC-3736,C12846
CC-3737,C12525
CC-3738,C00728
CC-3739,C11597
CC-3740,C01155
CC-3741,C04034
CC-3742,C03575
CC-3743,C00854
CC-3744,C05245
CC-3745,C10585
CC-3746,C05423
CC-3747,C02000
CC-3748,C12267
CC-3749,C08962
CC-3750,C00889
CC-3751,C04870
CC-3752,C01116
CC-3753,C07840
CC-3754,C07612
CC-3755,C06063
CC-3756,C11000
CC-3757,C07185
CC-3758,C06598
CC-3759,C04170
CC-3760,C11919
CC-3761,C07671
CC-3762,C09274
CC-3763,C00849
CC-3764,C11847
CC-3765,C06224
CC-3766,C06988
CC-3767,C01525
CC-3768,C13364
CC-3769,C02320
CC-3770,C11065
CC-3771,C04965
CC-3772,C10780
CC-3773,C09249
CC-3774,C06940
CC-3775,C11143
CC-3776,C08595
CC-3777,C08635
CC-3778,C08106
CC-3779,C10837
CC-3780,C09280
CC-3781,C10328
CC-3782,C00655
CC-3783,C07562
CC-3784,C05378
CC-3785,C07204
CC-3786,C09998
CC-3787,C02502
CC-3788,C12028
CC-3789,C03043
CC-3790,C05559
CC-3791,C04125
CC-3792,C11844
CC-3793,C07212
CC-3794,C07470
CC-3795,C07518
CC-3796,C04597
CC-3797,C11319
CC-3798,C04037
CC-3799,C08925
CC-3800,C03019
CC-3801,C11513
CC-3802,C09325
CC-3803,C04398
CC-3804,C05689
CC-3805,C12796
CC-3806,C07508
CC-3807,C08489
CC-3808,C00440
CC-3809,C06962
CC-3810,C01521
CC-3811,C03405
CC-3812,C12961
CC-3813,C11337
CC-3814,C06663
CC-3815,C08842
CC-3816,C13447
CC-3817,C08346
CC-3818,C09666
CC-3819,C01290
CC-3820,C06362
CC-3821,C09933
CC-3822,C09025
CC-3823,C10507
CC-3824,C07729
CC-3825,C05566
CC-3826,C05192
CC-3827,C11509
CC-3828,C08557
CC-3829,C01109
CC-3830,C06578
CC-3831,C07118
CC-3832,C11952
CC-3833,C11000
CC-3834,C04889
CC-3835,C09719
CC-3836,C02716
CC-3837,C06657
CC-3838,C11522
CC-3839,C12897
CC-3840,C03685
CC-3841,C01099
CC-3842,C02250
CC-3843,C04942
CC-3844,C07855
CC-3845,C11413
CC-3846,C09365
CC-3847,C05031
CC-3848,C06940
CC-3849,C00426
CC-3850,C05530
CC-3851,C12163
CC-3852,C01966
CC-3853,C08290
CC-3854,C05996
CC-3855,C05381
CC-3856,C11309
CC-3857,C03786
CC-3858,C00235
CC-3859,C06630
CC-3860,C07204
CC-3861,C09354
CC-3862,C06582
CC-3863,C01155
CC-3864,C00978
CC-3865,C05125
CC-3866,C02554
CC-3867,C13372
CC-3868,C07212
CC-3869,C10715
CC-3870,C00004
CC-3871,C06744
CC-3872,C11539
CC-3873,C08962
CC-3874,C08465
CC-3875,C11464
CC-3876,C00583
CC-3877,C01782
CC-3878,C04108
CC-3879,C07210
CC-3880,C00450
CC-3881,C10127
CC-3882,C11871
CC-3883,C09165
CC-3884,C08918
CC-3885,C10010
CC-3886,C03042
CC-3887,C05383
CC-3888,C09820
CC-3889,C07134
CC-3890,C02458
CC-3891,C08766
CC-3892,C13058
CC-3893,C09353
CC-3894,C03474
CC-3895,C05704
CC-3896,C02475
CC-3897,C08489
CC-3898,C13147
CC-3899,C02354
CC-3900,C08206
CC-3901,C10270
CC-3902,C13414
CC-3903,C08483
CC-3904,C06464
CC-3905,C11923
CC-3906,C11702
CC-3907,C03060
CC-3908,C02975
CC-3909,C03278
CC-3910,C00129
CC-3911,C07867
CC-3912,C07171
CC-3913,C10016
CC-3914,C12094
CC-3915,C09274
CC-3916,C11000
CC-3917,C02914
CC-3918,C07729
CC-3919,C07562
CC-3920,C04386
CC-3921,C09657
CC-3922,C11595
CC-3923,C11987
CC-3924,C09289
CC-3925,C04965
CC-3926,C02472
CC-3927,C03108
CC-3928,C13171
CC-3929,C01525
CC-3930,C09586
CC-3931,C06428
CC-3932,C08391
CC-3933,C08962
CC-3934,C13407
CC-3935,C03738
CC-3936,C12166
CC-3937,C10137
CC-3938,C11496
CC-3939,C02716
CC-3940,C06224
CC-3941,C09251
CC-3942,C02502
CC-3943,C10935
CC-3944,C00728
CC-3945,C13355
CC-3946,C12397
CC-3947,C02000
CC-3948,C07118
CC-3949,C03528
CC-3950,C12084
CC-3951,C05039
CC-3952,C09456
CC-3953,C02231
CC-3954,C09280
CC-3955,C09791
CC-3956,C05664
CC-3957,C11065
CC-3958,C00259
CC-3959,C05690
CC-3960,C05678
CC-3961,C04034
CC-3962,C03218
CC-3963,C05772
CC-3964,C08305
CC-3965,C07513
CC-3966,C05362
CC-3967,C01002
CC-3968,C02147
CC-3969,C08269
CC-3970,C09673
CC-3971,C07944
CC-3972,C12191
CC-3973,C04257
CC-3974,C05240
CC-3975,C02745
CC-3976,C12796
CC-3977,C11919
CC-3978,C08458
CC-3979,C01521
CC-3980,C11787
CC-3981,C00952
CC-3982,C01982
CC-3983,C09149
CC-3984,C06744
CC-3985,C04311
CC-3986,C09044
CC-3987,C06962
CC-3988,C06059
CC-3989,C12982
CC-3990,C01983
CC-3991,C08999
CC-3992,C12885
CC-3993,C12670
CC-3994,C12036
CC-3995,C07256
CC-3996,C13236
CC-3997,C08148
CC-3998,C06031
CC-3999,C00294
CC-4000,C08336
CC-4001,C01618
CC-4002,C06299
CC-4003,C02949
CC-4004,C10614
CC-4005,C02250
CC-4006,C02181
CC-4007,C04346
CC-4008,C13372
CC-4009,C08628
CC-4010,C02753
CC-4011,C00466
CC-4012,C09471
CC-4013,C06706
CC-4014,C06929
CC-4015,C07265
CC-4016,C11230
CC-4017,C08945
CC-4018,C12007
CC-4019,C01321
CC-4020,C02170
CC-4021,C06740
CC-4022,C01996
CC-4023,C09363
CC-4024,C07185
CC-4025,C04743
CC-4026,C03019
CC-4027,C11468
CC-4028,C01119
CC-4029,C05307
CC-4030,C13407
CC-4031,C03474
CC-4032,C03040
CC-4033,C06988
CC-4034,C07508
CC-4035,C08755
CC-4036,C09657
CC-4037,C01413
CC-4038,C01116
CC-4039,C11213
CC-4040,C11309
CC-4041,C06437
CC-4042,C02559
CC-4043,C09064
CC-4044,C12987
CC-4045,C09800
CC-4046,C01996
CC-4047,C10955
CC-4048,C02955
CC-4049,C09663
CC-4050,C05423
CC-4051,C13227
CC-4052,C09241
CC-4053,C00854
CC-4054,C11092
CC-4055,C02321
CC-4056,C12835
CC-4057,C04352
CC-4058,C04597
CC-4059,C09301
CC-4060,C03517
CC-4061,C04125
CC-4062,C11844
CC-4063,C04844
CC-4064,C11496
CC-4065,C05031
CC-4066,C00750
CC-4067,C10127
CC-4068,C06835
CC-4069,C12517
CC-4070,C02354
CC-4071,C05292
CC-4072,C11597
CC-4073,C11008
CC-4074,C07646
CC-4075,C07855
CC-4076,C07518
CC-4077,C12525
CC-4078,C12785
CC-4079,C01755
CC-4080,C07841
CC-4081,C11304
CC-4082,C09939
CC-4083,C11847
CC-4084,C05081
CC-4085,C04108
CC-4086,C13269
CC-4087,C09174
CC-4088,C03040
CC-4089,C12028
CC-4090,C07648
CC-4091,C04828
CC-4092,C09791
CC-4093,C04361
CC-4094,C10585
CC-4095,C09154
CC-4096,C13005
CC-4097,C02502
CC-4098,C00978
CC-4099,C11509
CC-4100,C07562
CC-4101,C02716
CC-4102,C08635
CC-4103,C03829
CC-4104,C02949
CC-4105,C01782
CC-4106,C08250
CC-4107,C13269
CC-4108,C07883
CC-4109,C03095
CC-4110,C07523
CC-4111,C04812
CC-4112,C04965
CC-4113,C04248
CC-4114,C10879
CC-4115,C11709
CC-4116,C08450
CC-4117,C08915
CC-4118,C06403
CC-4119,C02147
CC-4120,C04034
CC-4121,C03125
CC-4122,C04537
CC-4123,C05690
CC-4124,C02838
CC-4125,C07981
CC-4126,C02181
CC-4127,C00889
CC-4128,C00779
CC-4129,C01977
CC-4130,C13389
CC-4131,C02910
CC-4132,C06224
CC-4133,C07356
CC-4134,C04597
CC-4135,C09363
CC-4136,C11987
CC-4137,C07171
CC-4138,C07212
CC-4139,C12982
CC-4140,C07925
CC-4141,C05330
CC-4142,C00426
CC-4143,C01154
CC-4144,C10344
CC-4145,C00228
CC-4146,C02250
CC-4147,C07204
CC-4148,C03685
CC-4149,C05736
CC-4150,C06940
CC-4151,C12680
CC-4152,C05330
CC-4153,C02575
CC-4154,C12644
CC-4155,C12028
CC-4156,C08962
CC-4157,C01040
CC-4158,C01128
CC-4159,C13527
CC-4160,C11891
CC-4161,C03070
CC-4162,C09918
CC-4163,C13171
CC-4164,C00773
CC-4165,C08578
CC-4166,C01525
CC-4167,C06464
CC-4168,C07858
CC-4169,C06947
CC-4170,C11000
CC-4171,C03786
CC-4172,C11670
CC-4173,C02515
CC-4174,C05942
CC-4175,C12942
CC-4176,C11522
CC-4177,C10837
CC-4178,C12111
CC-4179,C00728
CC-4180,C05115
CC-4181,C06744
CC-4182,C09742
CC-4183,C00329
CC-4184,C03341
CC-4185,C08662
CC-4186,C11595
CC-4187,C11041
CC-4188,C06168
CC-4189,C07562
CC-4190,C08466
CC-4191,C08256
CC-4192,C02545
CC-4193,C12987
CC-4194,C03218
CC-4195,C06630
CC-4196,C09933
CC-4197,C12267
CC-4198,C01333
CC-4199,C02695
CC-4200,C05245
CC-4201,C03019
CC-4202,C01119
CC-4203,C01721
CC-4204,C09365
CC-4205,C07995
CC-4206,C04393
CC-4207,C00854
CC-4208,C02809
CC-4209,C07919
CC-4210,C05061
CC-4211,C02851
CC-4212,C07750
CC-4213,C07646
CC-4214,C00750
CC-4215,C09165
CC-4216,C12166
CC-4217,C01596
CC-4218,C07508
CC-4219,C03598
CC-4220,C02231
CC-4221,C03427
CC-4222,C08206
CC-4223,C07855
CC-4224,C06220
CC-4225,C05381
CC-4226,C05996
CC-4227,C07558
CC-4228,C02695
CC-4229,C02716
CC-4230,C01424
CC-4231,C09249
CC-4232,C10137
CC-4233,C08755
CC-4234,C07212
CC-4235,C05467
CC-4236,C01982
CC-4237,C02171
CC-4238,C07118
CC-4239,C11709
CC-4240,C00942
CC-4241,C00066
CC-4242,C07898
CC-4243,C01982
CC-4244,C12885
CC-4245,C12991
CC-4246,C12744
CC-4247,C12966
CC-4248,C04889
CC-4249,C11601
CC-4250,C11413
CC-4251,C04742
CC-4252,C07841
CC-4253,C07204
CC-4254,C00094
CC-4255,C11844
CC-4256,C04812
CC-4257,C07591
CC-4258,C04346
CC-4259,C02404
CC-4260,C07558
CC-4261,C06437
CC-4262,C08945
CC-4263,C04105
CC-4264,C04248
CC-4265,C02000
CC-4266,C09141
CC-4267,C07840
CC-4268,C03999
CC-4269,C07394
CC-4270,C11539
CC-4271,C03066
CC-4272,C00466
CC-4273,C09301
CC-4274,C05423
CC-4275,C01339
CC-4276,C13407
CC-4277,C09933
CC-4278,C01010
CC-4279,C12397
CC-4280,C09274
CC-4281,C08842
CC-4282,C09863
CC-4283,C03095
CC-4284,C11309
CC-4285,C00426
CC-4286,C04072
CC-4287,C03685
CC-4288,C03151
CC-4289,C02000
CC-4290,C09939
CC-4291,C08597
CC-4292,C06950
CC-4293,C00294
CC-4294,C07671
CC-4295,C04840
CC-4296,C08943
CC-4297,C06403
CC-4298,C02716
CC-4299,C02902
CC-4300,C07311
CC-4301,C09791
CC-4302,C07641
CC-4303,C04743
CC-4304,C01138
CC-4305,C05670
CC-4306,C03851
CC-4307,C04125
CC-4308,C09800
CC-4309,C06224
CC-4310,C01525
CC-4311,C09259
CC-4312,C04313
CC-4313,C09238
CC-4314,C08391
CC-4315,C07927
CC-4316,C05554
CC-4317,C08234
CC-4318,C12785
CC-4319,C12258
CC-4320,C03564
CC-4321,C03773
CC-4322,C02883
CC-4323,C02266
CC-4324,C03545
CC-4325,C10568
CC-4326,C06494
CC-4327,C12987
CC-4328,C06942
CC-4329,C00842
CC-4330,C09471
CC-4331,C09363
CC-4332,C04108
CC-4333,C07741
CC-4334,C04046
CC-4335,C11136
CC-4336,C13147
CC-4337,C10957
CC-4338,C10165
CC-4339,C04571
CC-4340,C11919
CC-4341,C01377
CC-4342,C02309
CC-4343,C07981
CC-4344,C05330
CC-4345,C10507
CC-4346,C03140
CC-4347,C04172
CC-4348,C11464
CC-4349,C11031
CC-4350,C12191
CC-4351,C09246
CC-4352,C01525
CC-4353,C00916
CC-4354,C13440
CC-4355,C02231
CC-4356,C07648
CC-4357,C03575
CC-4358,C09354
CC-4359,C00999
CC-4360,C00280
CC-4361,C05957
CC-4362,C05245
CC-4363,C00889
CC-4364,C07073
CC-4365,C11041
CC-4366,C00728
CC-4367,C13036
CC-4368,C10344
CC-4369,C05664
CC-4370,C00105
CC-4371,C02782
CC-4372,C12144
CC-4373,C00792
CC-4374,C07867
CC-4375,C05290
CC-4376,C06988
CC-4377,C06962
CC-4378,C01966
CC-4379,C12166
CC-4380,C01116
CC-4381,C11890
CC-4382,C07925
CC-4383,C03778
CC-4384,C04034
CC-4385,C11906
CC-4386,C04110
CC-4387,C00750
CC-4388,C06437
CC-4389,C09007
CC-4390,C00952
CC-4391,C00773
CC-4392,C08812
CC-4393,C09141
CC-4394,C06630
CC-4395,C07898
CC-4396,C01521
CC-4397,C07602
CC-4398,C08913
CC-4399,C07360
CC-4400,C11945
CC-4401,C01188
CC-4402,C12966
CC-4403,C02545
CC-4404,C01010
CC-4405,C09359
CC-4406,C08024
CC-4407,C03341
CC-4408,C06950
CC-4409,C00942
CC-4410,C11642
CC-4411,C10127
CC-4412,C03363
CC-4413,C12386
CC-4414,C03125
CC-4415,C05996
CC-4416,C08918
CC-4417,C04965
CC-4418,C04024
CC-4419,C03095
CC-4420,C09251
CC-4421,C09804
CC-4422,C11232
CC-4423,C08915
CC-4424,C06147
CC-4425,C09742
CC-4426,C02250
CC-4427,C07390
CC-4428,C11859
CC-4429,C06026
CC-4430,C12730
CC-4431,C06224
CC-4432,C09344
CC-4433,C10350
CC-4434,C11847
CC-4435,C00073
CC-4436,C02354
CC-4437,C05670
CC-4438,C06744
CC-4439,C06279
CC-4440,C10127
CC-4441,C05192
CC-4442,C10129
CC-4443,C00678
CC-4444,C09206
CC-4445,C11889
CC-4446,C03184
CC-4447,C04125
CC-4448,C08206
CC-4449,C10553
CC-4450,C06906
CC-4451,C01935
CC-4452,C01154
CC-4453,C01119
CC-4454,C03218
CC-4455,C09933
CC-4456,C03278
CC-4457,C00978
CC-4458,C09165
CC-4459,C07185
CC-4460,C13389
CC-4461,C01333
CC-4462,C00452
CC-4463,C02513
CC-4464,C01169
CC-4465,C09858
CC-4466,C04984
CC-4467,C07646
CC-4468,C02949
CC-4469,C09241
CC-4470,C03299
CC-4471,C11709
CC-4472,C00294
CC-4473,C00881
CC-4474,C07149
CC-4475,C13191
CC-4476,C04046
CC-4477,C03019
CC-4478,C01002
CC-4479,C05031
CC-4480,C11539
CC-4481,C11852
CC-4482,C02716
CC-4483,C00648
CC-4484,C06942
CC-4485,C13171
CC-4486,C01521
CC-4487,C02131
CC-4488,C11065
CC-4489,C03363
CC-4490,C01138
CC-4491,C12028
CC-4492,C07858
CC-4493,C12144
CC-4494,C01982
CC-4495,C01909
CC-4496,C09800
CC-4497,C05381
CC-4498,C04105
CC-4499,C00329
CC-4500,C09246
CC-4501,C11923
CC-4502,C01721
CC-4503,C11847
CC-4504,C10746
CC-4505,C01618
CC-4506,C02545
CC-4507,C11031
CC-4508,C07981
CC-4509,C03427
CC-4510,C13447
CC-4511,C02320
CC-4512,C03786
CC-4513,C06403
CC-4514,C03527
CC-4515,C04034
CC-4516,C09445
CC-4517,C11464
CC-4518,C01933
CC-4519,C02147
CC-4520,C09471
CC-4521,C05704
CC-4522,C08597
CC-4523,C07741
CC-4524,C07204
CC-4525,C11461
CC-4526,C03542
CC-4527,C07212
CC-4528,C05487
CC-4529,C07119
CC-4530,C13414
CC-4531,C10364
CC-4532,C04812
CC-4533,C11509
CC-4534,C07919
CC-4535,C01040
CC-4536,C03040
CC-4537,C01525
CC-4538,C09363
CC-4539,C07270
CC-4540,C11032
CC-4541,C01109
CC-4542,C02231
CC-4543,C12797
CC-4544,C08943
CC-4545,C02342
CC-4546,C00426
CC-4547,C06744
CC-4548,C09657
CC-4549,C12991
CC-4550,C07867
CC-4551,C07628
CC-4552,C04828
CC-4553,C07531
CC-4554,C11533
CC-4555,C10837
CC-4556,C06899
CC-4557,C04655
CC-4558,C01352
CC-4559,C09149
CC-4560,C04893
CC-4561,C00999
CC-4562,C03411
CC-4563,C03385
CC-4564,C01618
CC-4565,C06130
CC-4566,C08618
CC-4567,C11000
CC-4568,C00803
CC-4569,C07840
CC-4570,C02753
CC-4571,C08635
CC-4572,C13440
CC-4573,C06464
CC-4574,C04965
CC-4575,C12983
CC-4576,C04311
CC-4577,C13167
CC-4578,C07513
CC-4579,C05029
CC-4580,C10344
CC-4581,C07196
CC-4582,C05423
CC-4583,C12961
CC-4584,C12403
CC-4585,C00235
CC-4586,C01138
CC-4587,C00728
CC-4588,C09674
CC-4589,C08391
CC-4590,C12887
CC-4591,C11670
CC-4592,C03676
CC-4593,C02705
CC-4594,C00294
CC-4595,C10320
CC-4596,C11842
CC-4597,C09933
CC-4598,C12028
CC-4599,C09354
CC-4600,C02883
CC-4601,C04889
CC-4602,C12785
CC-4603,C01155
CC-4604,C02000
CC-4605,C06855
CC-4606,C09274
CC-4607,C07212
CC-4608,C02545
CC-4609,C03047
CC-4610,C09791
CC-4611,C11783
CC-4612,C01269
CC-4613,C08840
CC-4614,C12144
CC-4615,C13036
CC-4616,C09742
CC-4617,C05411
CC-4618,C05791
CC-4619,C06026
CC-4620,C11844
CC-4621,C11595
CC-4622,C03399
CC-4623,C12885
CC-4624,C07761
CC-4625,C07646
CC-4626,C11031
CC-4627,C12966
CC-4628,C03738
CC-4629,C03575
CC-4630,C10933
CC-4631,C11543
CC-4632,C06630
CC-4633,C06224
CC-4634,C01116
CC-4635,C02949
CC-4636,C09241
CC-4637,C04196
CC-4638,C05704
CC-4639,C09939
CC-4640,C11227
CC-4641,C02231
CC-4642,C03318
CC-4643,C02445
CC-4644,C11224
CC-4645,C03066
CC-4646,C02902
CC-4647,C03676
CC-4648,C00223
CC-4649,C10559
CC-4650,C06067
CC-4651,C01982
CC-4652,C04196
CC-4653,C07711
CC-4654,C09117
CC-4655,C03125
CC-4656,C08450
CC-4657,C13364
CC-4658,C02147
CC-4659,C00783
CC-4660,C11309
CC-4661,C07855
CC-4662,C00466
CC-4663,C01154
CC-4664,C06438
CC-4665,C04285
CC-4666,C09301
CC-4667,C10955
CC-4668,C11533
CC-4669,C08391
CC-4670,C09445
CC-4671,C04984
CC-4672,C08945
CC-4673,C09823
CC-4674,C03133
CC-4675,C11143
CC-4676,C00329
CC-4677,C07659
CC-4678,C06962
CC-4679,C09216
CC-4680,C01352
CC-4681,C10900
CC-4682,C01765
CC-4683,C10507
CC-4684,C04313
CC-4685,C03213
CC-4686,C05245
CC-4687,C09279
CC-4688,C05029
CC-4689,C12987
CC-4690,C00170
CC-4691,C09246
CC-4692,C07990
CC-4693,C11919
CC-4694,C00889
CC-4695,C09251
CC-4696,C08256
CC-4697,C12923
CC-4698,C06437
CC-4699,C04709
CC-4700,C06855
CC-4701,C04889
CC-4702,C09363
CC-4703,C02809
CC-4704,C07840
CC-4705,C00557
CC-4706,C07508
CC-4707,C05307
CC-4708,C07185
CC-4709,C03851
CC-4710,C05031
CC-4711,C04812
CC-4712,C13440
CC-4713,C03019
CC-4714,C04488
CC-4715,C07185
CC-4716,C06299
CC-4717,C11444
CC-4718,C09246
CC-4719,C06130
CC-4720,C13227
CC-4721,C02354
CC-4722,C10757
CC-4723,C04965
CC-4724,C12680
CC-4725,C01521
CC-4726,C05192
CC-4727,C09064
CC-4728,C01924
CC-4729,C11496
CC-4730,C09165
CC-4731,C11656
CC-4732,C12623
CC-4733,C04386
CC-4734,C03411
CC-4735,C03575
CC-4736,C06541
CC-4737,C02250
CC-4738,C06903
CC-4739,C05320
CC-4740,C06940
CC-4741,C03299
CC-4742,C05636
CC-4743,C11923
CC-4744,C01966
CC-4745,C12966
CC-4746,C06515
CC-4747,C02000
CC-4748,C12446
CC-4749,C09742
CC-4750,C06768
CC-4751,C06121
CC-4752,C02910
CC-4753,C02487
CC-4754,C08918
CC-4755,C06657
CC-4756,C08597
CC-4757,C03542
CC-4758,C10127
CC-4759,C03412
CC-4760,C05551
CC-4761,C00426
CC-4762,C09241
CC-4763,C02716
CC-4764,C07648
CC-4765,C13407
CC-4766,C06663
CC-4767,C07855
CC-4768,C06744
CC-4769,C10585
CC-4770,C12397
CC-4771,C12897
CC-4772,C05381
CC-4773,C11000
CC-4774,C04034
CC-4775,C03575
CC-4776,C13001
CC-4777,C06630
CC-4778,C10492
CC-4779,C09735
CC-4780,C06464
CC-4781,C07196
CC-4782,C01119
CC-4783,C01983
CC-4784,C09791
CC-4785,C07547
CC-4786,C12094
CC-4787,C09933
CC-4788,C10837
CC-4789,C05770
CC-4790,C00406
CC-4791,C07847
CC-4792,C11041
CC-4793,C00405
CC-4794,C07212
CC-4795,C09165
CC-4796,C11709
CC-4797,C00329
CC-4798,C02740
CC-4799,C02618
CC-4800,C04597
CC-4801,C12028
CC-4802,C03095
CC-4803,C11464
CC-4804,C01155
CC-4805,C12744
CC-4806,C06437
CC-4807,C06962
CC-4808,C10193
CC-4809,C08842
CC-4810,C13273
CC-4811,C08269
CC-4812,C12680
CC-4813,C04863
CC-4814,C05739
CC-4815,C03773
CC-4816,C07646
CC-4817,C11539
CC-4818,C11090
CC-4819,C13171
CC-4820,C04108
CC-4821,C12199
CC-4822,C01521
CC-4823,C02851
CC-4824,C07867
CC-4825,C01525
CC-4826,C00854
CC-4827,C03786
CC-4828,C02309
CC-4829,C04248
CC-4830,C03449
CC-4831,C11444
CC-4832,C11509
CC-4833,C11783
CC-4834,C09470
CC-4835,C01116
CC-4836,C11951
CC-4837,C13364
CC-4838,C12885
CC-4839,C07096
CC-4840,C02147
CC-4841,C09354
CC-4842,C09301
CC-4843,C06438
CC-4844,C06962
CC-4845,C07638
CC-4846,C11844
CC-4847,C10955
CC-4848,C11294
CC-4849,C06630
CC-4850,C05307
CC-4851,C03019
CC-4852,C05690
CC-4853,C05320
CC-4854,C00952
CC-4855,C11847
CC-4856,C00294
CC-4857,C09364
CC-4858,C09071
CC-4859,C12982
CC-4860,C01138
CC-4861,C09981
CC-4862,C11461
CC-4863,C07602
CC-4864,C08945
CC-4865,C05423
CC-4866,C12267
CC-4867,C10935
CC-4868,C02321
CC-4869,C07729
CC-4870,C12797
CC-4871,C13147
CC-4872,C08143
CC-4873,C07256
CC-4874,C04352
CC-4875,C07944
CC-4876,C11224
CC-4877,C03218
CC-4878,C08489
CC-4879,C11597
CC-4880,C04597
CC-4881,C07690
CC-4882,C07241
CC-4883,C01719
CC-4884,C08918
CC-4885,C02968
CC-4886,C06744
CC-4887,C10127
CC-4888,C05509
CC-4889,C00780
CC-4890,C12975
CC-4891,C03299
CC-4892,C00329
CC-4893,C07870
CC-4894,C12967
CC-4895,C02231
CC-4896,C12018
CC-4897,C09165
CC-4898,C06898
CC-4899,C10957
CC-4900,C07919
CC-4901,C09800
CC-4902,C00854
CC-4903,C07212
CC-4904,C06224
CC-4905,C00373
CC-4906,C12094
CC-4907,C04505
CC-4908,C01727
CC-4909,C01855
CC-4910,C06464
CC-4911,C07518
CC-4912,C05704
CC-4913,C09742
CC-4914,C02502
CC-4915,C10285
CC-4916,C07612
CC-4917,C06663
CC-4918,C03727
CC-4919,C10957
CC-4920,C01155
CC-4921,C12166
CC-4922,C06598
CC-4923,C10852
CC-4924,C01924
CC-4925,C05731
CC-4926,C12005
CC-4927,C05245
CC-4928,C08741
CC-4929,C07508
CC-4930,C03066
CC-4931,C11011
CC-4932,C03992
CC-4933,C09241
CC-4934,C06840
CC-4935,C00768
CC-4936,C00294
CC-4937,C10837
CC-4938,C01909
CC-4939,C13058
CC-4940,C03738
CC-4941,C13364
CC-4942,C02354
CC-4943,C11444
CC-4944,C02147
CC-4945,C04346
CC-4946,C02702
CC-4947,C09445
CC-4948,C06903
CC-4949,C12961
CC-4950,C04034
CC-4951,C11847
CC-4952,C10193
CC-4953,C06630
CC-4954,C01063
CC-4955,C06299
CC-4956,C01521
CC-4957,C08623
CC-4958,C02181
CC-4959,C04812
CC-4960,C13048
CC-4961,C11019
CC-4962,C07073
CC-4963,C09454
CC-4964,C00750
CC-4965,C08334
CC-4966,C03933
CC-4967,C07902
CC-4968,C00768
CC-4969,C01434
CC-4970,C02536
CC-4971,C00885
CC-4972,C11919
CC-4973,C03218
CC-4974,C10683
CC-4975,C01765
CC-4976,C01966
CC-4977,C08391
CC-4978,C10496
CC-4979,C01002
CC-4980,C12966
CC-4981,C09939
CC-4982,C05031
CC-4983,C01890
CC-4984,C11597
CC-4985,C13447
CC-4986,C01799
CC-4987,C07220
CC-4988,C03277
CC-4989,C05766
CC-4990,C07858
CC-4991,C05307
CC-4992,C06940
CC-4993,C09206
CC-4994,C08905
CC-4995,C02515
CC-4996,C05625
CC-4997,C11031
CC-4998,C01982
CC-4999,C03598
CC-5000,C08597
CC-5001,C00227
CC-5002,C00942
CC-5003,C12517
CC-5004,C03080
CC-5005,C02456
CC-5006,C01562
CC-5007,C00969
CC-5008,C01801
CC-5009,C03019
CC-5010,C13171
CC-5011,C00509
CC-5012,C02147
CC-5013,C03851
CC-5014,C00426
CC-5015,C07204
CC-5016,C10866
CC-5017,C09855
CC-5018,C02089
CC-5019,C06403
CC-5020,C05560
CC-5021,C12942
CC-5022,C13076
CC-5023,C02341
CC-5024,C05551
CC-5025,C09876
CC-5026,C07987
CC-5027,C11509
CC-5028,C06426
CC-5029,C09657
CC-5030,C07171
CC-5031,C12681
CC-5032,C11539
CC-5033,C12645
CC-5034,C13036
CC-5035,C09998
CC-5036,C08338
CC-5037,C01104
CC-5038,C12258
CC-5039,C08847
CC-5040,C04034
CC-5041,C01119
CC-5042,C03095
CC-5043,C04644
CC-5044,C12987
CC-5045,C10523
CC-5046,C07518
CC-5047,C08833
CC-5048,C09170
CC-5049,C05530
CC-5050,C07686
CC-5051,C11201
CC-5052,C04861
CC-5053,C09283
CC-5054,C02716
CC-5055,C11945
CC-5056,C08913
CC-5057,C10837
CC-5058,C07612
CC-5059,C07729
CC-5060,C11522
CC-5061,C09165
CC-5062,C02263
CC-5063,C11031
CC-5064,C02782
CC-5065,C13060
CC-5066,C06084
CC-5067,C11762
CC-5068,C09918
CC-5069,C00170
CC-5070,C13349
CC-5071,C07185
CC-5072,C04352
CC-5073,C06906
CC-5074,C09735
CC-5075,C04597
CC-5076,C06840
CC-5077,C05690
CC-5078,C01393
CC-5079,C01525
CC-5080,C13172
CC-5081,C09500
CC-5082,C10585
CC-5083,C01654
CC-5084,C09873
CC-5085,C02545
CC-5086,C10016
CC-5087,C08348
CC-5088,C04386
CC-5089,C09363
CC-5090,C07867
CC-5091,C07212
CC-5092,C09933
CC-5093,C11595
CC-5094,C12897
CC-5095,C08610
CC-5096,C03345
CC-5097,C10127
CC-5098,C09981
CC-5099,C02147
CC-5100,C09883
CC-5101,C04196
CC-5102,C06899
CC-5103,C10890
CC-5104,C01521
CC-5105,C11309
CC-5106,C04965
CC-5107,C11227
CC-5108,C01982
CC-5109,C12028
CC-5110,C00978
CC-5111,C05704
CC-5112,C10843
CC-5113,C06658
CC-5114,C07523
CC-5115,C03394
CC-5116,C02231
CC-5117,C11743
CC-5118,C06630
CC-5119,C03278
CC-5120,C12193
CC-5121,C05245
CC-5122,C00294
CC-5123,C12982
CC-5124,C03040
CC-5125,C11859
CC-5126,C05192
CC-5127,C04828
CC-5128,C06962
CC-5129,C04844
CC-5130,C11844
CC-5131,C03341
CC-5132,C08540
CC-5133,C02573
CC-5134,C04903
CC-5135,C05125
CC-5136,C00849
CC-5137,C07149
CC-5138,C03019
CC-5139,C01155
CC-5140,C11847
CC-5141,C11335
CC-5142,C11844
CC-5143,C10644
CC-5144,C04248
CC-5145,C12797
CC-5146,C10760
CC-5147,C00450
CC-5148,C01618
CC-5149,C03786
CC-5150,C05560
CC-5151,C07847
CC-5152,C02250
CC-5153,C02502
CC-5154,C04285
CC-5155,C04108
CC-5156,C07858
CC-5157,C09246
CC-5158,C08269
CC-5159,C08945
CC-5160,C01333
CC-5161,C11730
CC-5162,C08269
CC-5163,C07513
CC-5164,C07360
CC-5165,C09073
CC-5166,C11104
CC-5167,C09206
CC-5168,C07981
CC-5169,C01026
CC-5170,C05551
CC-5171,C04597
CC-5172,C04230
CC-5173,C09026
CC-5174,C12646
CC-5175,C07936
CC-5176,C02147
CC-5177,C03676
CC-5178,C12991
CC-5179,C02393
CC-5180,C11275
CC-5181,C11204
CC-5182,C01935
CC-5183,C06903
CC-5184,C10344
CC-5185,C09354
CC-5186,C13465
CC-5187,C08962
CC-5188,C00071
CC-5189,C11543
CC-5190,C09241
CC-5191,C09251
CC-5192,C03575
CC-5193,C05903
CC-5194,C04571
CC-5195,C11709
CC-5196,C09170
CC-5197,C00583
CC-5198,C12028
CC-5199,C09868
CC-5200,C07750
CC-5201,C01254
CC-5202,C06663
CC-5203,C06026
CC-5204,C06084
CC-5205,C10270
CC-5206,C13521
CC-5207,C02897
CC-5208,C07391
CC-5209,C12987
CC-5210,C00405
CC-5211,C07944
CC-5212,C12111
CC-5213,C08450
CC-5214,C03549
CC-5215,C11597
CC-5216,C11249
CC-5217,C02180
CC-5218,C09800
CC-5219,C06464
CC-5220,C13058
CC-5221,C11309
CC-5222,C01154
CC-5223,C03218
CC-5224,C10936
CC-5225,C12397
CC-5226,C00426
CC-5227,C09735
CC-5228,C10052
CC-5229,C12418
CC-5230,C07212
CC-5231,C03237
CC-5232,C12961
CC-5233,C12785
CC-5234,C01109
CC-5235,C09939
CC-5236,C07605
CC-5237,C02116
CC-5238,C09287
CC-5239,C10957
CC-5240,C13086
CC-5241,C06658
CC-5242,C06991
CC-5243,C01138
CC-5244,C08597
CC-5245,C05029
CC-5246,C05902
CC-5247,C05636
CC-5248,C06224
CC-5249,C04446
CC-5250,C00942
CC-5251,C05268
CC-5252,C00992
CC-5253,C09171
CC-5254,C03856
CC-5255,C02782
CC-5256,C02910
CC-5257,C04984
CC-5258,C05289
CC-5259,C04105
CC-5260,C11031
CC-5261,C12690
CC-5262,C12972
CC-5263,C07741
CC-5264,C00094
CC-5265,C06598
CC-5266,C06630
CC-5267,C11844
CC-5268,C08355
CC-5269,C02000
CC-5270,C01744
CC-5271,C03779
CC-5272,C07204
CC-5273,C02618
CC-5274,C09354
CC-5275,C06190
CC-5276,C09246
CC-5277,C11787
CC-5278,C12966
CC-5279,C10507
CC-5280,C00768
CC-5281,C01812
CC-5282,C05996
CC-5283,C13227
CC-5284,C00942
CC-5285,C11444
CC-5286,C13147
CC-5287,C09900
CC-5288,C04386
CC-5289,C05611
CC-5290,C06851
CC-5291,C06130
CC-5292,C07862
CC-5293,C00329
CC-5294,C06708
CC-5295,C05664
CC-5296,C08755
CC-5297,C03575
CC-5298,C04849
CC-5299,C06469
CC-5300,C02147
CC-5301,C05530
CC-5302,C06906
CC-5303,C06818
CC-5304,C07220
CC-5305,C05560
CC-5306,C01002
CC-5307,C11750
CC-5308,C13354
CC-5309,C07711
CC-5310,C08628
CC-5311,C09657
CC-5312,C08635
CC-5313,C01116
CC-5314,C04346
CC-5315,C13349
CC-5316,C03218
CC-5317,C03851
CC-5318,C06940
CC-5319,C00728
CC-5320,C06903
CC-5321,C10760
CC-5322,C12028
CC-5323,C02502
CC-5324,C09657
CC-5325,C13052
CC-5326,C10320
CC-5327,C08761
CC-5328,C08391
CC-5329,C07194
CC-5330,C03437
CC-5331,C02147
CC-5332,C01521
CC-5333,C11642
CC-5334,C07973
CC-5335,C11522
CC-5336,C00834
CC-5337,C05704
CC-5338,C05961
CC-5339,C07562
CC-5340,C12092
CC-5341,C05423
CC-5342,C11496
CC-5343,C02321
CC-5344,C09642
CC-5345,C02975
CC-5346,C04261
CC-5347,C03095
CC-5348,C09663
CC-5349,C04046
CC-5350,C05678
CC-5351,C08989
CC-5352,C09354
CC-5353,C08450
CC-5354,C12961
CC-5355,C11709
CC-5356,C09500
CC-5357,C06598
CC-5358,C12336
CC-5359,C09149
CC-5360,C09165
CC-5361,C00557
CC-5362,C02008
CC-5363,C00854
CC-5364,C04965
CC-5365,C00989
CC-5366,C13447
CC-5367,C01755
CC-5368,C09708
CC-5369,C12966
CC-5370,C05381
CC-5371,C09221
CC-5372,C11625
CC-5373,C10139
CC-5374,C07632
CC-5375,C05793
CC-5376,C06886
CC-5377,C05248
CC-5378,C05081
CC-5379,C06220
CC-5380,C00071
CC-5381,C06147
CC-5382,C04655
CC-5383,C03786
CC-5384,C02780
CC-5385,C12987
CC-5386,C08363
CC-5387,C01966
CC-5388,C10114
CC-5389,C01109
CC-5390,C06764
CC-5391,C06962
CC-5392,C05654
CC-5393,C04248
CC-5394,C02716
CC-5395,C10349
CC-5396,C13429
CC-5397,C00693
CC-5398,C06130
CC-5399,C11787
CC-5400,C11597
CC-5401,C07196
CC-5402,C04096
CC-5403,C11866
CC-5404,C11595
CC-5405,C12111
CC-5406,C03778
CC-5407,C12470
CC-5408,C03218
CC-5409,C09424
CC-5410,C04108
CC-5411,C10712
CC-5412,C01040
CC-5413,C13328
CC-5414,C06988
CC-5415,C06464
CC-5416,C12028
CC-5417,C01525
CC-5418,C09800
CC-5419,C07212
CC-5420,C06903
CC-5421,C11844
CC-5422,C09997
CC-5423,C11656
CC-5424,C11265
CC-5425,C01119
CC-5426,C07944
CC-5427,C09471
CC-5428,C13478
CC-5429,C04285
CC-5430,C06224
CC-5431,C00750
CC-5432,C06630
CC-5433,C03341
CC-5434,C04034
CC-5435,C12283
CC-5436,C12525
CC-5437,C12094
CC-5438,C04828
CC-5439,C00426
CC-5440,C09094
CC-5441,C02354
CC-5442,C03019
CC-5443,C02502
CC-5444,C12057
CC-5445,C02000
CC-5446,C08412
CC-5447,C10837
CC-5448,C05530
CC-5449,C10855
CC-5450,C07437
CC-5451,C03095
CC-5452,C00998
CC-5453,C01154
CC-5454,C10862
CC-5455,C09873
CC-5456,C01934
CC-5457,C06708
CC-5458,C09068
CC-5459,C06130
CC-5460,C09445
CC-5461,C00294
CC-5462,C12865
CC-5463,C02342
CC-5464,C02902
CC-5465,C08755
CC-5466,C10507
CC-5467,C00728
CC-5468,C04556
CC-5469,C09241
CC-5470,C13440
CC-5471,C06598
CC-5472,C09779
CC-5473,C10127
CC-5474,C06906
CC-5475,C07518
CC-5476,C00605
CC-5477,C03278
CC-5478,C07648
CC-5479,C11709
CC-5480,C09165
CC-5481,C07466
CC-5482,C09354
CC-5483,C02250
CC-5484,C00583
CC-5485,C11204
CC-5486,C10320
CC-5487,C04665
CC-5488,C03575
CC-5489,C06962
CC-5490,C08945
CC-5491,C11807
CC-5492,C09442
CC-5493,C07220
CC-5494,C09365
CC-5495,C12690
CC-5496,C00452
CC-5497,C09119
CC-5498,C03047
CC-5499,C12028
CC-5500,C12397
CC-5501,C12136
CC-5502,C11543
CC-5503,C09855
CC-5504,C06215
CC-5505,C11000
CC-5506,C04132
CC-5507,C06942
CC-5508,C02332
CC-5509,C12166
CC-5510,C03645
CC-5511,C10114
CC-5512,C01828
CC-5513,C06464
CC-5514,C08363
CC-5515,C07204
CC-5516,C00768
CC-5517,C08635
CC-5518,C13190
CC-5519,C04386
CC-5520,C06899
CC-5521,C09933
CC-5522,C07858
CC-5523,C04352
CC-5524,C02702
CC-5525,C05307
CC-5526,C13364
CC-5527,C10979
CC-5528,C08226
CC-5529,C12987
CC-5530,C04172
CC-5531,C11702
CC-5532,C07212
CC-5533,C07247
CC-5534,C08746
CC-5535,C06663
CC-5536,C08962
CC-5537,C13064
CC-5538,C05062
CC-5539,C07508
CC-5540,C03256
CC-5541,C04597
CC-5542,C10760
CC-5543,C01119
CC-5544,C06764
CC-5545,C08989
CC-5546,C12103
CC-5547,C02573
CC-5548,C13454
CC-5549,C10644
CC-5550,C00866
CC-5551,C03200
CC-5552,C11597
CC-5553,C00426
CC-5554,C06903
CC-5555,C11852
CC-5556,C08761
CC-5557,C07612
CC-5558,C02354
CC-5559,C01109
CC-5560,C08528
CC-5561,C11690
CC-5562,C05551
CC-5563,C09454
CC-5564,C06185
CC-5565,C03474
